Rk,Team,Seed,Conf,G,Rec,Wins,Losses,WinPct,AdjO,Rk_AdjO,AdjD,Rk_AdjD,Barthag,Rk_Barthag,EFG%,Rk_EFG%,EFGD%,Rk_EFGD%,TOR,Rk_TOR,TORD,Rk_TORD,ORB,Rk_ORB,DRB,Rk_DRB,FTR,Rk_FTR,FTRD,Rk_FTRD,2P%,Rk_2P%,2P%D,Rk_2P%D,3P%,Rk_3P%,3P%D,Rk_3P%D,3PR,Rk_3PR,3PRD,Rk_3PRD,AdjT,Rk_AdjT,WAB,Rk_WAB
1,Duke,,ACC,34,32-2,32,2,0.9412,128.1,4,90.8,1,0.9813,1,56.8,13,46.2,12,15.7,115,18.1,92,38.1,8,24.8,7,37.8,108,23.7,2,60.1,8,46.6,20,35.1,107,30.4,17,44.4,79,45.7,341,65.8,267,13.7,2
2,Michigan,,B10,34,31-3,31,3,0.9118,127.6,6,91.0,2,0.9799,2,58.1,9,44.7,1,16.7,175,15.5,251,35.4,40,27.7,55,37.7,112,26.3,16,61.0,3,44.3,4,36.0,56,30.2,10,41.8,136,41.8,268,71.2,20,14.0,1
3,Arizona,,B12,34,32-2,32,2,0.9412,126.9,9,91.4,3,0.9776,3,55.1,38,45.0,3,15.1,67,16.7,172,38.1,8,26.9,31,42.9,22,27.7,29,55.4,51,43.8,2,36.0,56,31.4,44,26.8,362,37.2,109,70.0,43,13.7,3
4,Florida,,SEC,33,26-7,26,7,0.7879,126.1,11,92.3,4,0.9732,4,53.5,83,46.3,14,16.5,161,15.4,258,43.2,2,24.8,7,39.1,79,34.0,149,57.9,23,45.2,8,30.8,324,32.4,83,37.1,228,33.7,28,70.4,32,8.5,7
5,Houston,,B12,34,28-6,28,6,0.8235,125.4,12,92.4,5,0.971,5,52.1,141,46.6,17,13.0,4,21.0,13,35.9,28,30.9,196,26.9,352,39.0,282,51.9,170,45.5,9,34.9,126,32.1,67,40.8,151,40.9,235,63.3,352,9.0,5
6,Illinois,,B10,32,24-8,24,8,0.75,131.9,2,98.2,24,0.9676,6,55.1,38,47.6,34,13.2,9,11.6,365,38.7,3,27.0,37,32.9,239,20.6,1,58.2,18,48.0,43,34.7,137,31.4,44,50.7,11,42.2,274,65.7,272,6.6,16
7,Iowa State,,B12,34,27-7,27,7,0.7941,123.8,23,92.6,6,0.9655,7,56.5,17,49.5,83,15.1,67,22.4,4,35.3,44,28.1,69,34.0,210,27.9,33,55.5,48,50.5,117,38.7,11,32.1,67,38.8,194,42.8,290,67.0,208,7.4,12
8,Purdue,,B10,35,27-8,27,8,0.7714,133.3,1,100.3,36,0.9636,8,57.6,11,52.3,228,13.5,15,15.6,246,36.3,23,26.4,24,28.6,336,26.0,13,58.1,20,53.1,240,37.9,19,34.2,195,40.9,146,45.0,333,64.4,325,9.2,4
9,UConn,,BE,34,29-5,29,5,0.8529,123.1,25,95.0,12,0.9518,9,55.3,33,45.7,9,16.8,183,18.0,98,35.7,33,28.7,94,30.0,310,40.2,301,57.1,31,45.8,12,35.2,104,30.3,13,40.3,163,36.2,83,64.6,323,8.8,6
10,Vanderbilt,,SEC,34,26-8,26,8,0.7647,127.4,7,99.3,29,0.9461,10,55.3,33,48.8,57,13.3,11,17.9,102,31.2,156,31.6,229,38.2,99,41.0,312,56.8,36,49.1,67,35.5,87,32.2,72,43.6,100,37.9,124,69.0,94,7.3,14
11,Gonzaga,,WCC,33,30-3,30,3,0.9091,120.3,37,94.0,9,0.9444,11,56.3,22,46.2,12,13.7,16,20.5,17,34.8,53,25.9,19,31.1,281,31.0,83,58.7,16,46.2,16,34.0,171,30.8,31,31.0,339,43.7,313,68.9,98,7.4,13
12,Texas Tech,,B12,32,22-10,22,10,0.6875,126.3,10,98.8,27,0.944,12,56.2,23,49.4,80,15.9,122,14.7,306,33.3,83,30.1,163,27.1,351,31.6,96,53.6,97,50.6,120,39.3,5,31.5,47,48.0,25,35.0,47,66.4,232,5.0,20
13,Michigan State,,B10,32,25-7,25,7,0.7812,122.9,28,96.2,16,0.9438,13,53.6,78,48.6,52,17.1,208,14.8,302,38.5,4,22.6,1,36.2,148,30.9,80,53.4,107,48.0,43,35.9,63,32.9,109,36.4,240,46.0,344,66.0,257,7.4,11
14,Virginia,,ACC,34,29-5,29,5,0.8529,122.2,29,95.8,14,0.9427,14,54.6,52,45.3,5,16.0,134,15.6,246,37.9,10,29.2,119,33.0,237,33.0,128,55.2,55,44.7,6,35.9,63,30.9,32,46.5,37,37.5,114,65.6,278,7.8,8
15,St. John's,,BE,34,28-6,28,6,0.8235,119.8,43,94.1,10,0.9414,15,51.0,191,47.4,29,14.7,48,19.4,36,35.9,28,30.2,169,41.9,35,31.8,97,51.6,186,47.5,37,33.2,214,31.3,41,33.8,299,33.7,28,69.6,63,7.3,15
16,Tennessee,,SEC,33,22-11,22,11,0.6667,121.5,32,95.5,13,0.9408,16,51.6,170,47.7,36,17.1,208,16.3,203,45.1,1,27.9,63,38.7,87,36.2,210,52.2,160,49.2,71,33.4,202,30.6,23,31.7,331,44.4,326,65.2,297,4.1,23
17,Louisville,,ACC,33,23-10,23,10,0.697,124.0,22,98.2,23,0.9364,17,56.4,21,48.8,57,16.4,157,16.7,172,32.9,94,26.9,31,33.5,223,33.4,137,59.7,9,48.6,53,35.7,73,32.7,97,52.8,4,39.1,172,69.7,62,4.0,25
18,Alabama,,SEC,32,23-9,23,9,0.7188,129.5,3,102.8,67,0.9344,18,55.4,30,49.2,75,13.0,4,12.6,362,31.8,132,32.8,292,37.2,127,32.7,117,57.3,26,48.6,53,35.8,69,33.5,150,53.7,1,35.1,51,73.1,4,6.5,17
19,Arkansas,,SEC,34,26-8,26,8,0.7647,127.9,5,101.7,49,0.9336,19,56.5,17,51.4,181,12.3,1,15.7,238,32.2,117,31.2,209,36.4,142,31.3,87,55.6,47,53.7,260,38.9,8,31.7,53,33.4,310,38.2,139,71.0,23,7.5,9
20,Nebraska,,B10,32,26-6,26,6,0.8125,117.3,61,93.5,7,0.9312,20,55.4,30,47.8,37,14.4,36,19.2,42,26.3,314,27.7,55,27.2,350,24.8,6,58.1,20,50.6,120,35.3,93,29.9,7,50.7,11,49.3,361,66.8,216,7.5,10
21,Wisconsin,,B10,34,24-10,24,10,0.7059,127.2,8,101.6,48,0.9294,21,54.5,57,51.3,177,12.8,3,14.4,324,29.4,224,28.2,74,31.9,260,30.5,71,54.8,63,52.3,208,36.1,49,33.3,137,52.6,5,40.2,209,68.7,106,5.4,19
22,Kansas,,B12,33,23-10,23,10,0.697,117.9,56,94.4,11,0.9279,22,51.6,170,45.2,4,15.5,101,14.0,334,29.5,220,30.1,163,32.6,247,27.7,29,51.1,209,44.7,6,35.0,113,30.7,26,35.7,257,42.0,270,67.6,168,6.3,18
23,Ohio State,,B10,33,21-12,21,12,0.6364,125.2,13,101.6,47,0.917,23,56.5,17,50.3,117,15.4,91,15.8,231,30.8,174,30.0,156,37.8,108,35.1,176,58.2,18,52.3,208,36.0,56,31.6,50,40.1,167,40.3,214,66.2,247,2.9,32
24,UCLA,,B10,34,23-11,23,11,0.6765,124.5,17,101.8,51,0.9106,24,53.9,71,50.4,124,13.4,12,18.1,92,31.1,161,32.4,275,33.1,234,34.7,169,52.0,167,52.7,223,38.2,16,31.8,57,35.9,253,44.7,330,64.7,317,3.6,29
25,Saint Mary's,,WCC,32,27-5,27,5,0.8438,119.4,48,97.6,22,0.9104,25,52.9,109,46.7,18,16.4,157,15.2,271,37.6,12,23.8,4,35.8,161,25.7,11,50.2,247,46.6,20,38.6,13,31.2,40,36.1,245,36.8,92,65.3,290,4.0,24
26,Iowa,,B10,33,21-12,21,12,0.6364,122.1,30,100.2,35,0.907,26,56.6,14,52.7,249,15.2,73,21.0,13,30.1,194,28.0,66,34.5,198,39.1,286,58.7,16,54.0,275,35.7,73,33.7,166,41.6,140,39.1,172,63.0,358,1.9,38
27,North Carolina,,ACC,32,24-8,24,8,0.75,121.5,33,100.1,33,0.9029,27,54.6,52,48.2,43,14.0,22,13.6,344,31.4,144,28.1,69,37.4,120,23.8,3,56.7,37,46.1,14,34.5,147,34.5,217,42.3,130,36.9,99,68.0,140,4.9,21
28,Santa Clara,,WCC,34,26-8,26,8,0.7647,125.0,15,103.7,78,0.8954,28,54.6,52,51.8,201,15.6,108,20.1,21,36.7,19,32.3,270,25.8,358,38.3,265,56.5,39,53.2,244,34.9,126,33.0,117,45.0,66,38.2,139,69.3,81,2.1,36
29,Utah State,,MWC,34,28-6,28,6,0.8235,123.0,27,102.1,55,0.8953,29,56.6,14,49.6,85,15.4,91,20.6,16,33.1,89,32.2,265,38.7,87,38.9,280,59.3,11,48.7,57,35.1,107,33.9,174,40.7,153,40.9,235,67.6,173,4.0,26
30,Clemson,,ACC,34,24-10,24,10,0.7059,116.5,69,97.0,20,0.8925,30,52.6,119,48.9,62,14.2,29,17.5,121,28.1,261,25.7,16,37.1,130,33.1,131,53.8,91,49.0,64,34.1,167,32.6,91,42.9,114,42.9,293,64.3,330,3.2,31
31,Kentucky,,SEC,34,21-13,21,13,0.6176,119.9,41,100.0,31,0.8899,31,53.1,98,48.8,57,15.0,58,15.8,231,33.8,73,30.1,163,37.5,117,37.0,233,54.4,79,49.6,86,34.1,167,31.6,50,39.2,185,39.5,183,68.3,127,3.3,30
32,Cincinnati,,B12,33,18-15,18,15,0.5455,112.3,112,93.7,8,0.8894,32,50.5,216,47.3,26,17.0,200,18.2,88,30.6,178,27.3,47,29.4,322,30.0,58,50.2,247,47.9,41,33.9,177,31.0,38,43.8,92,39.9,201,67.7,166,-2.0,70
33,BYU,,B12,34,23-11,23,11,0.6765,124.7,16,104.3,88,0.8865,33,54.7,48,51.2,168,15.3,82,16.5,183,34.6,57,29.3,126,34.2,204,28.9,43,56.2,42,50.0,101,34.9,126,35.3,262,39.8,171,39.2,174,69.8,58,4.5,22
34,Indiana,,B10,32,18-14,18,14,0.5625,121.9,31,102.1,56,0.8853,34,56.1,24,49.0,69,15.1,67,15.1,275,26.9,300,29.3,126,35.0,178,37.0,233,60.3,7,48.6,53,34.7,137,33.1,126,50.5,15,36.8,92,66.2,245,-0.41,53
35,Miami (FL),,ACC,33,25-8,25,8,0.7576,121.1,34,101.5,45,0.8841,35,55.6,29,51.7,194,16.2,150,18.4,77,37.0,16,26.3,21,37.5,117,29.0,46,57.2,29,50.8,128,34.7,137,35.4,267,31.7,331,40.9,235,67.9,145,3.8,28
36,Villanova,,BE,32,24-8,24,8,0.75,119.6,45,100.5,38,0.8806,36,53.7,75,51.3,177,15.1,67,18.7,59,32.4,109,31.7,236,31.3,274,28.9,43,54.4,79,51.5,163,35.3,93,33.9,174,45.7,50,36.9,99,64.9,306,3.9,27
37,Georgia,,SEC,32,22-10,22,10,0.6875,124.3,18,104.8,92,0.8774,37,54.6,52,50.1,105,14.3,30,18.4,77,35.2,48,34.9,337,37.0,132,30.8,79,57.3,26,49.9,97,34.1,167,33.7,166,43.9,89,37.6,120,72.0,11,2.6,33
38,North Carolina State,,ACC,33,20-13,20,13,0.6061,124.1,20,104.6,89,0.8765,38,55.3,33,53.0,265,13.1,8,18.2,88,28.5,251,30.3,173,35.2,172,36.5,226,53.1,127,52.7,223,38.8,9,35.6,284,43.9,89,45.3,335,69.1,87,0.34,44
39,Texas A&M,,SEC,32,21-11,21,11,0.6562,119.9,42,101.4,43,0.8729,39,54.2,61,50.8,143,14.6,44,18.3,83,32.3,112,32.5,281,37.4,120,35.6,197,54.1,84,53.1,240,36.2,46,31.7,53,46.3,41,41.5,255,71.0,21,1.6,41
40,Oklahoma,,SEC,34,19-15,19,15,0.5588,125.1,14,105.9,117,0.8726,40,55.1,38,51.2,168,14.4,36,15.3,263,33.6,77,33.0,301,35.9,157,34.0,149,55.0,58,51.1,147,36.8,29,34.2,195,43.8,92,39.7,193,66.1,248,-0.47,54
41,Auburn,,SEC,33,17-16,17,16,0.5152,124.2,19,105.8,115,0.8635,41,52.3,129,53.6,285,14.7,48,16.3,203,37.6,12,32.1,258,44.7,8,35.4,189,53.4,107,52.8,227,33.8,184,36.5,325,39.2,185,39.8,199,67.4,183,0.18,45
42,Southern Methodist,,ACC,33,20-13,20,13,0.6061,123.0,26,105.0,96,0.8614,42,55.7,27,51.4,181,15.9,122,17.1,140,35.4,40,31.6,229,30.6,291,32.0,99,55.5,48,52.0,195,37.4,23,33.9,174,36.0,248,47.2,354,68.6,111,-0.02,46
43,Saint Louis,,A10,33,28-5,28,5,0.8485,119.6,46,102.2,61,0.8584,43,59.7,3,44.8,2,17.4,225,16.1,218,31.1,161,27.0,37,34.7,191,37.2,241,58.9,15,44.6,5,40.5,2,30.0,8,45.1,64,41.6,260,71.0,22,1.9,39
44,San Diego State,,MWC,33,22-11,22,11,0.6667,112.2,114,96.1,15,0.8559,44,52.7,114,48.2,43,17.2,216,20.3,20,29.5,220,31.1,204,39.0,84,38.5,270,53.2,120,46.2,16,34.5,147,33.6,161,33.8,299,47.3,355,68.6,113,-0.09,47
45,Texas,,SEC,32,18-14,18,14,0.5625,124.1,21,106.4,126,0.854,45,54.2,61,51.2,168,15.3,82,13.4,346,35.7,33,26.9,31,46.2,4,40.7,307,55.3,52,49.8,92,34.9,126,36.0,299,36.2,242,33.3,23,67.1,195,-0.21,49
46,Missouri,,SEC,32,20-12,20,12,0.625,119.9,40,103.0,68,0.8515,46,55.3,33,51.4,181,18.0,268,16.6,177,35.5,38,31.4,219,42.5,27,35.1,176,56.9,34,48.9,62,35.0,113,36.5,325,36.0,248,43.1,297,66.4,235,1.2,42
47,Baylor,,B12,32,16-16,16,16,0.5,123.3,24,106.5,128,0.8432,47,53.8,73,52.5,237,16.5,161,16.1,218,37.5,14,32.2,265,34.8,187,30.2,61,55.2,55,52.2,202,34.5,147,35.5,275,39.6,178,34.7,43,67.8,153,-2.2,72
48,VCU,,A10,34,27-7,27,7,0.7941,119.3,49,103.1,69,0.8427,48,54.1,67,48.9,62,15.2,73,17.2,134,32.3,112,29.9,151,43.7,15,33.1,131,53.3,113,48.4,49,36.7,35,33.1,126,43.8,92,34.7,43,68.7,107,1.7,40
49,TCU,,B12,33,22-11,22,11,0.6667,114.9,84,99.7,30,0.8364,49,50.9,198,51.0,157,15.5,101,19.7,31,34.4,62,29.2,119,38.7,87,30.4,67,51.6,186,51.3,155,33.1,222,33.7,166,36.9,232,38.1,134,67.6,170,2.4,35
50,South Florida,,Amer,33,25-8,25,8,0.7576,116.8,67,101.4,44,0.8351,50,50.9,198,48.4,47,15.2,73,18.8,56,38.2,6,31.8,243,41.1,47,38.8,277,51.9,170,46.7,24,33.1,222,33.9,174,43.8,92,39.5,183,71.4,17,-0.26,50
51,Florida State,,ACC,33,18-15,18,15,0.5455,119.4,47,104.0,84,0.8313,51,52.3,129,52.2,221,15.2,73,19.0,50,30.8,174,34.1,319,34.7,191,32.7,117,55.1,57,52.5,218,33.1,222,34.6,223,50.6,14,44.9,331,70.6,28,-1.8,67
52,Washington,,B10,33,16-17,16,17,0.4848,116.8,66,102.2,60,0.8225,52,51.2,184,50.2,113,15.3,82,14.3,326,34.6,57,28.5,86,30.1,308,31.0,83,53.4,107,50.0,101,31.5,305,33.6,161,34.6,281,38.2,139,67.1,198,-3.0,81
53,New Mexico,,MWC,33,23-10,23,10,0.697,116.5,71,102.1,54,0.8198,53,53.6,78,49.6,85,15.3,82,19.1,45,30.3,187,27.6,53,36.2,148,34.9,172,53.3,113,53.6,257,36.1,49,30.3,13,41.8,136,48.1,358,69.8,55,-0.4,52
54,Virginia Tech,,ACC,32,19-13,19,13,0.5938,117.6,58,103.1,70,0.8195,54,52.2,133,50.8,143,14.9,56,17.2,134,31.9,127,32.6,287,34.0,210,28.8,40,51.5,192,54.1,279,35.5,87,30.6,23,39.7,175,39.6,190,67.2,191,-0.8,58
55,Grand Canyon,,MWC,32,20-12,20,12,0.625,111.1,127,97.5,21,0.8171,55,51.7,162,47.4,29,17.6,242,17.3,131,31.3,150,25.3,12,39.5,68,39.0,282,54.2,83,47.2,32,31.8,285,31.9,60,38.9,192,38.2,139,68.0,139,-3.1,82
56,Boise State,,MWC,32,20-12,20,12,0.625,118.1,54,103.8,82,0.8152,56,52.2,133,52.7,249,16.9,190,14.5,318,33.2,86,23.6,3,42.7,25,32.1,104,52.7,144,53.3,247,34.3,158,34.4,210,43.1,106,36.8,92,65.7,271,-2.1,71
57,UCF,,B12,32,21-11,21,11,0.6562,120.0,39,105.7,114,0.8119,57,52.8,111,52.4,234,15.7,115,15.8,231,34.4,62,28.5,86,30.8,285,35.2,181,52.1,165,53.2,244,36.2,46,34.0,184,34.4,285,39.7,193,69.1,86,2.1,37
58,Minnesota,,B10,32,15-17,15,17,0.4688,116.0,72,102.1,57,0.8118,58,54.2,61,51.9,206,16.6,171,17.1,140,27.2,288,29.8,147,35.9,157,27.3,25,56.0,43,51.7,178,34.8,131,34.7,229,47.1,31,41.7,264,62.7,362,-3.9,88
59,Stanford,,ACC,32,20-12,20,12,0.625,117.0,65,103.7,76,0.8012,59,51.7,162,51.2,168,15.5,101,18.3,83,32.3,112,30.1,163,35.7,164,40.3,303,50.4,241,51.5,163,35.6,79,33.7,166,44.2,84,33.5,24,67.0,206,-0.9,60
60,Seton Hall,,BE,33,21-12,21,12,0.6364,108.7,169,96.3,17,0.8011,60,47.6,322,47.3,26,16.7,175,21.5,6,35.6,36,31.9,250,35.3,170,42.1,323,48.3,302,46.3,19,30.5,332,32.4,83,26.8,362,42.2,274,65.2,299,-0.27,51
61,Arizona State,,B12,33,17-16,17,16,0.5152,115.2,75,102.4,63,0.796,61,51.1,188,52.4,234,17.1,208,18.5,69,29.8,205,34.9,337,39.5,68,34.3,157,51.7,182,52.3,208,33.4,202,35.0,247,38.4,201,40.3,214,69.2,84,-1.0,62
62,West Virginia,,B12,32,18-14,18,14,0.5625,108.5,175,96.6,19,0.7916,62,51.1,188,48.3,45,17.5,234,18.1,92,31.0,166,29.0,100,35.5,166,29.2,49,52.5,150,45.7,11,32.8,240,35.0,247,42.9,114,38.1,134,62.5,363,-1.9,68
63,Northwestern,,B10,34,15-19,15,19,0.4412,116.5,70,103.8,79,0.7904,63,51.7,162,51.0,157,13.0,4,17.5,121,28.1,261,34.7,330,33.9,215,34.8,170,52.9,133,51.6,172,33.0,229,33.4,143,34.0,292,40.2,209,65.1,301,-3.7,84
64,Ole Miss,,SEC,35,15-20,15,20,0.4286,114.1,89,101.7,50,0.7893,64,50.4,221,50.5,131,14.0,22,16.4,191,28.3,254,32.6,287,33.0,237,41.2,314,50.8,218,50.8,128,33.2,214,33.4,143,35.5,261,42.6,282,66.1,251,-4.5,94
65,Tulsa,,Amer,33,26-7,26,7,0.7879,121.0,35,108.3,163,0.782,65,56.5,17,49.9,92,15.2,73,15.5,251,32.0,123,29.0,100,40.9,52,32.0,99,54.3,81,49.6,86,39.4,4,33.5,150,46.5,37,40.1,207,67.8,159,-1.0,63
66,USC,,B10,32,18-14,18,14,0.5625,113.1,102,101.3,41,0.7804,66,50.4,221,49.7,89,17.4,225,16.3,203,32.4,109,32.2,265,44.2,10,33.4,137,51.8,179,52.0,195,31.7,289,30.9,32,34.1,290,40.4,219,70.7,26,-0.9,61
67,Wake Forest,,ACC,33,17-16,17,16,0.5152,117.9,57,105.6,112,0.779,67,52.6,119,52.0,210,15.4,91,17.8,108,29.7,214,32.9,299,35.1,175,36.2,210,53.3,113,54.2,283,34.4,154,33.0,117,43.7,97,46.8,350,68.3,128,-2.9,78
68,California,,ACC,32,21-11,21,11,0.6562,113.8,93,102.1,58,0.7757,68,52.2,133,49.6,85,15.0,58,16.1,218,25.8,325,30.3,173,37.3,125,37.2,241,50.5,232,51.9,188,36.3,45,30.9,32,42.7,120,41.4,250,67.9,150,-0.6,56
69,LSU,,SEC,32,15-17,15,17,0.4688,118.8,51,106.7,133,0.7743,69,52.8,111,50.9,149,15.6,108,13.9,340,33.1,89,31.7,236,40.9,52,37.8,255,54.5,72,49.5,81,33.1,222,35.4,267,34.5,284,37.9,124,66.6,225,-4.3,93
70,Northern Iowa,,MVC,35,23-12,23,12,0.6571,109.7,150,98.6,25,0.7738,70,54.2,61,47.2,23,14.6,44,18.1,92,22.0,355,26.3,21,25.7,360,29.3,50,55.3,52,50.0,101,34.9,126,28.9,3,39.6,178,41.5,255,62.2,365,-5.3,104
71,Akron,,MAC,34,29-5,29,5,0.8529,117.2,64,105.3,102,0.7727,71,58.5,7,50.6,134,15.5,101,18.4,77,33.5,79,29.9,151,29.1,330,30.3,63,59.1,12,49.0,64,38.5,14,35.1,251,45.1,64,43.2,300,70.3,34,-0.2,48
72,Butler,,BE,32,16-16,16,16,0.5,117.2,62,105.6,111,0.7686,72,50.9,198,51.9,206,15.9,122,15.1,275,34.6,57,30.0,156,42.1,33,24.9,7,51.9,170,53.1,240,32.7,243,33.3,137,34.9,275,37.5,114,68.9,99,-4.2,91
73,McNeese,,Slnd,33,28-5,28,5,0.8485,113.2,99,102.2,59,0.7639,73,51.0,191,48.9,62,14.3,30,24.6,1,35.0,49,35.0,339,38.3,96,42.1,323,52.9,133,49.1,67,31.6,299,32.5,89,35.1,271,46.8,350,66.1,250,0.7,43
74,Providence,,BE,33,15-18,15,18,0.4545,120.9,36,109.2,185,0.7635,74,55.0,42,51.4,181,16.7,175,13.1,353,31.7,135,30.8,193,36.7,139,32.7,117,55.3,52,50.4,115,36.4,41,35.3,262,40.5,157,38.5,153,71.3,18,-5.1,100
75,Oklahoma State,,B12,33,19-14,19,14,0.5758,118.5,52,107.2,142,0.7598,75,52.1,141,52.9,258,15.9,122,16.0,225,31.3,150,30.7,188,39.4,71,32.5,110,52.8,138,52.6,220,33.8,184,35.5,275,35.9,253,42.7,286,72.2,9,-0.8,57
76,Marquette,,BE,32,12-20,12,20,0.375,111.8,116,101.2,40,0.7586,76,50.5,216,50.6,134,16.0,134,19.3,39,29.7,214,34.7,330,32.8,240,32.0,99,52.7,144,51.5,163,31.7,289,32.7,97,42.2,132,39.5,183,69.2,83,-7.4,144
77,Colorado,,B12,32,17-15,17,15,0.5312,118.0,55,106.8,135,0.7585,77,53.2,94,52.9,258,14.5,39,15.4,258,29.0,235,29.8,147,35.8,161,36.3,217,53.3,113,51.6,172,35.3,93,36.8,340,35.1,271,35.8,67,68.6,112,-2.7,75
78,Georgetown,,BE,34,16-18,16,18,0.4706,114.0,90,103.3,71,0.7568,78,49.6,257,49.9,92,15.8,120,16.2,211,32.5,102,31.5,223,37.3,125,33.9,146,50.7,223,50.0,101,31.8,285,33.3,137,35.2,268,41.2,243,66.2,244,-4.9,97
79,Nevada,,MWC,34,22-12,22,12,0.6471,114.5,86,103.8,81,0.7561,79,49.7,247,51.0,157,14.9,56,17.4,126,32.1,120,27.2,44,46.6,2,40.3,303,47.5,321,51.0,137,36.2,46,34.1,189,32.3,325,42.4,279,66.0,253,-2.0,69
80,Belmont,,MVC,32,26-6,26,6,0.8125,120.1,38,109.0,178,0.7534,80,61.0,1,49.9,92,18.1,272,17.4,126,28.8,238,29.2,119,32.5,249,30.7,76,60.6,6,48.5,51,41.0,1,34.2,195,45.7,50,49.1,360,69.0,95,-0.6,55
81,Syracuse,,ACC,32,15-17,15,17,0.4688,115.2,76,104.7,91,0.7499,81,52.6,119,50.3,117,16.0,134,17.4,126,29.2,229,33.6,309,35.1,175,32.6,113,54.5,72,49.8,92,32.9,236,34.1,189,37.2,226,35.9,74,67.4,181,-4.5,95
82,Dayton,,A10,34,23-11,23,11,0.6765,110.1,145,100.1,34,0.7488,82,51.7,162,50.9,149,17.4,225,21.2,9,27.0,295,29.2,119,47.1,1,35.7,199,52.1,165,49.1,67,34.1,167,35.6,284,41.5,141,41.0,239,67.0,204,-1.5,65
83,George Washington,,A10,33,18-15,18,15,0.5455,117.4,60,106.9,136,0.7448,83,54.6,52,52.3,228,17.9,262,17.8,108,36.2,24,28.1,69,35.5,166,34.9,172,56.5,39,53.7,260,35.0,113,33.6,161,46.7,36,43.2,300,69.3,76,-7.7,150
84,Wichita State,,Amer,33,22-11,22,11,0.6667,111.3,123,102.0,53,0.7313,84,49.5,265,47.3,26,15.0,58,15.9,228,38.3,5,29.3,126,36.1,151,34.6,164,49.0,283,47.7,40,33.5,198,30.9,32,34.1,290,33.8,30,66.2,242,-3.8,86
85,Creighton,,BE,32,15-17,15,17,0.4688,114.9,82,105.4,103,0.7305,85,53.1,98,51.1,167,16.5,161,14.0,334,27.5,280,29.7,144,27.5,346,24.6,4,54.3,81,50.2,108,34.5,147,35.4,267,48.2,24,32.0,11,67.4,182,-4.0,90
86,Miami OH,,MAC,32,31-1,31,1,0.9688,116.7,68,107.6,149,0.7178,86,59.2,6,50.8,143,14.5,39,17.5,121,25.3,332,28.1,69,40.2,58,30.9,80,61.5,2,51.6,172,37.5,21,33.0,117,44.6,76,36.8,92,69.9,49,2.5,34
87,Utah Valley,,WAC,33,25-8,25,8,0.7576,112.3,111,103.6,75,0.7166,87,55.1,38,49.0,69,20.2,350,21.2,9,34.8,53,31.4,219,38.2,99,39.3,291,57.1,31,47.5,37,33.9,177,34.8,234,32.7,320,32.9,18,68.6,110,-2.7,76
88,Colorado State,,MWC,33,21-12,21,12,0.6364,118.2,53,109.1,183,0.7146,88,58.0,10,53.1,271,18.6,301,15.3,263,30.0,197,29.0,100,39.6,63,34.2,155,57.3,26,54.4,287,39.1,7,34.3,200,49.0,19,43.1,297,63.0,359,-3.0,79
89,Stephen F. Austin,,Slnd,33,28-5,28,5,0.8485,112.5,109,104.0,85,0.7116,89,51.7,162,47.9,40,14.1,25,17.6,119,33.9,68,28.6,90,30.4,300,30.0,58,50.2,247,49.2,71,36.0,56,30.4,17,39.6,178,35.0,47,65.7,273,-0.9,59
90,Oregon,,B10,32,12-20,12,20,0.375,111.8,118,103.5,74,0.7073,90,49.5,265,50.9,149,17.6,242,15.7,238,32.3,112,32.3,270,35.0,178,32.0,99,50.5,232,51.5,163,32.1,274,33.4,143,42.8,118,42.1,272,65.9,260,-6.3,128
91,Hofstra,,CAA,34,24-10,24,10,0.7059,113.2,98,105.0,95,0.7045,91,51.5,174,45.9,10,16.1,144,15.0,286,34.9,50,30.5,182,32.5,249,35.4,189,48.6,293,44.2,3,36.8,29,32.3,75,43.1,106,40.6,224,64.7,315,-4.7,96
92,Yale,,Ivy,30,24-6,24,6,0.8,118.8,50,110.4,211,0.6998,92,56.1,24,52.0,210,14.0,22,16.4,191,33.8,73,29.2,119,35.2,172,27.1,23,54.0,87,51.7,178,39.9,3,34.9,241,36.0,248,45.3,335,64.7,318,-1.5,66
93,High Point,,BSth,34,30-4,30,4,0.8824,115.7,73,107.5,148,0.6988,93,54.7,48,50.1,105,13.0,4,21.9,5,32.1,120,31.7,236,42.9,22,36.4,222,57.1,31,51.6,172,34.4,154,31.9,60,42.9,114,41.4,250,69.9,52,-1.4,64
94,Xavier,,BE,33,15-18,15,18,0.4545,117.2,62,109.3,187,0.6921,94,51.8,155,54.1,303,13.9,21,15.5,251,26.5,310,29.5,134,28.1,340,32.6,113,49.8,262,55.3,313,36.5,38,34.8,234,40.6,155,36.9,99,70.3,35,-5.0,98
95,Wyoming,,MWC,32,18-14,18,14,0.5625,115.1,78,107.4,146,0.6889,95,52.0,144,52.2,221,16.4,157,16.7,172,34.7,56,27.5,51,35.6,165,48.4,361,54.1,84,53.7,260,32.9,236,33.0,117,43.0,113,36.2,83,66.1,252,-5.3,106
96,Cal Baptist,,WAC,33,25-8,25,8,0.7576,107.5,193,100.3,37,0.6887,96,48.6,299,46.4,15,18.1,272,17.1,140,37.8,11,27.2,44,36.1,151,37.1,237,47.7,316,47.3,34,33.7,188,29.7,6,32.1,327,31.7,8,65.9,261,-2.3,74
97,Notre Dame,,ACC,31,13-18,13,18,0.4194,115.0,79,107.4,144,0.6878,97,52.3,129,51.8,201,17.0,200,14.0,334,31.2,156,26.7,27,34.1,207,36.2,210,51.4,198,53.6,257,35.6,79,33.2,133,43.5,101,47.4,356,66.0,254,-5.6,112
98,Saint Joseph's,,A10,33,22-11,22,11,0.6667,108.4,177,101.3,42,0.6852,98,49.3,276,47.6,34,16.9,190,15.2,271,31.4,144,30.9,196,30.4,300,26.3,16,51.9,170,47.5,37,30.8,324,31.8,57,45.3,59,39.9,201,68.0,143,-4.0,89
99,Mississippi State,,SEC,32,13-19,13,19,0.4062,112.9,105,105.5,107,0.6852,99,51.5,174,50.9,149,16.1,144,12.8,358,29.8,205,30.7,188,30.7,287,32.3,109,53.4,107,51.0,137,32.4,258,33.9,174,40.1,167,39.5,183,69.5,72,-5.6,111
100,South Carolina,,SEC,32,13-19,13,19,0.4062,111.8,117,104.6,90,0.6813,100,50.3,225,51.6,192,14.5,39,14.6,314,27.2,288,32.1,258,36.7,139,34.0,149,53.2,120,53.7,260,31.1,315,31.8,57,44.4,79,35.8,67,66.3,239,-6.1,123
101,DePaul,,BE,32,16-16,16,16,0.5,106.8,209,100.0,32,0.6802,101,49.8,242,49.3,78,17.8,255,18.6,66,30.0,197,31.1,204,35.3,170,37.8,255,50.5,232,47.3,34,32.5,254,35.4,267,39.0,190,33.9,32,66.5,229,-5.2,102
102,Pittsburgh,,ACC,33,13-20,13,20,0.3939,112.6,108,105.6,109,0.6779,102,51.0,191,53.4,279,17.3,223,16.2,211,33.9,68,28.1,69,30.4,300,30.9,80,51.7,182,53.7,260,33.4,202,35.2,257,42.6,123,41.0,239,63.7,344,-7.2,141
103,Kansas State,,B12,32,12-20,12,20,0.375,112.7,106,105.6,113,0.6778,103,53.3,87,52.5,237,17.4,225,17.1,140,29.2,229,33.9,317,26.9,352,35.2,181,52.4,153,53.7,260,36.4,41,33.7,166,40.9,146,38.6,154,72.7,6,-6.7,132
104,Seattle,,WCC,33,20-13,20,13,0.6061,102.6,288,96.4,18,0.6705,104,49.4,272,48.3,45,17.0,200,21.1,11,24.6,345,31.8,243,34.5,198,32.9,125,49.7,266,48.2,46,32.6,248,32.4,83,39.0,190,37.4,111,67.7,160,-5.4,108
105,Davidson,,A10,33,20-13,20,13,0.6061,110.2,144,103.7,77,0.6674,105,52.6,119,50.4,124,16.1,144,17.8,108,28.6,246,30.4,180,31.8,261,36.6,227,52.2,160,51.6,172,35.3,93,32.3,75,44.0,88,37.1,107,63.6,346,-5.8,117
106,Sam Houston St.,,CUSA,33,22-11,22,11,0.6667,113.9,92,107.2,141,0.6673,106,52.4,126,51.0,157,16.7,175,16.4,191,36.0,26,30.0,156,34.7,191,37.1,237,50.4,241,52.9,232,37.3,26,32.3,75,36.0,248,41.6,260,70.0,42,-5.3,105
107,Pacific,,WCC,33,18-15,18,15,0.5455,110.5,139,104.1,86,0.6649,107,52.2,133,50.0,98,20.1,349,15.1,275,35.3,44,25.0,9,30.5,297,36.3,217,51.3,201,48.5,51,35.8,69,34.7,229,35.3,267,42.8,290,64.4,327,-6.8,134
108,California-Irvine,,BW,34,23-11,23,11,0.6765,104.5,255,98.6,26,0.6597,108,49.7,247,45.4,6,17.9,262,18.5,69,31.1,161,31.5,223,35.8,161,26.8,20,49.2,278,42.7,1,33.9,177,33.3,137,28.2,359,37.8,122,68.2,134,-5.9,119
109,UNLV,,MWC,33,17-16,17,16,0.5152,115.5,74,109.2,184,0.6569,109,53.3,87,52.6,242,16.9,190,17.3,131,31.0,166,31.5,223,41.7,38,45.3,350,53.6,97,52.3,208,35.3,93,35.4,267,35.9,253,36.8,92,69.9,53,-6.0,122
110,Illinois St.,,MVC,32,20-12,20,12,0.625,109.2,161,103.4,73,0.6515,110,53.6,78,50.0,98,16.8,183,16.4,191,28.6,246,25.3,12,31.8,261,33.1,131,54.6,68,49.9,97,34.8,131,33.4,143,42.4,127,34.5,41,66.8,218,-5.8,115
111,Illinois Chicago,,MVC,34,19-15,19,15,0.5588,109.6,153,103.8,83,0.6512,111,49.7,247,49.9,92,17.6,242,19.6,32,36.5,21,32.1,258,36.5,141,34.3,157,50.7,223,50.6,120,31.7,289,32.7,97,33.0,316,46.3,346,66.3,241,-8.6,171
112,St. Thomas,,Sum,33,24-9,24,9,0.7273,113.9,91,107.9,154,0.6507,112,59.4,4,50.9,149,13.8,19,17.1,140,22.3,354,27.1,42,34.4,202,30.4,67,63.6,1,53.5,252,36.4,41,31.4,44,46.5,37,41.2,243,68.4,124,-5.0,99
113,Maryland,,B10,33,12-21,12,21,0.3636,111.7,119,105.9,118,0.6493,113,48.1,311,54.4,311,18.6,301,14.9,294,33.8,73,29.1,110,36.4,142,35.8,202,48.6,293,54.4,287,31.7,289,36.3,315,46.9,33,43.1,297,66.3,240,-5.4,110
114,North Dakota State,,Sum,34,27-7,27,7,0.7941,111.5,122,106.0,121,0.6393,114,53.4,85,51.5,187,15.6,108,18.7,59,33.6,77,25.7,16,30.7,287,29.1,48,53.2,120,52.6,220,35.7,73,33.5,150,42.7,120,44.4,326,66.4,236,-3.4,83
115,Utah,,B12,32,10-22,10,22,0.3125,114.9,83,109.4,190,0.6369,115,52.0,144,53.9,295,16.7,175,13.3,349,29.3,226,31.6,229,31.7,265,29.9,57,51.5,192,54.6,301,35.3,93,35.1,251,37.5,221,33.8,30,66.3,238,-8.8,175
116,Hawaii,,BW,32,24-8,24,8,0.75,106.9,206,101.8,52,0.6358,116,52.0,144,46.4,15,18.9,314,16.9,161,31.4,144,25.0,9,42.4,29,36.1,209,55.0,58,46.6,20,31.6,299,30.7,26,39.7,175,32.4,14,69.6,66,-3.7,85
117,Rutgers,,B10,33,14-19,14,19,0.4242,111.0,129,105.9,119,0.6298,117,47.5,327,53.0,265,15.1,67,17.1,140,29.8,205,33.1,303,36.1,151,31.4,89,46.6,337,52.5,218,32.8,240,35.8,294,34.6,281,39.0,163,66.7,223,-5.4,107
118,George Mason,,A10,32,23-9,23,9,0.7188,110.9,131,105.9,116,0.6296,118,53.1,98,49.4,80,15.9,122,15.6,246,31.1,161,28.3,81,41.1,47,28.6,37,54.7,65,49.8,92,33.4,202,32.5,89,35.4,263,42.7,286,63.6,345,-3.0,80
119,UT Rio Grande Valley,,Slnd,33,19-14,19,14,0.5758,111.3,124,106.5,127,0.6227,119,54.8,45,47.8,37,18.5,295,16.3,203,28.2,259,32.1,258,28.9,332,38.9,280,54.5,72,49.2,71,36.8,29,30.4,17,43.7,97,38.2,139,66.4,233,-8.2,159
120,Liberty,,CUSA,32,25-7,25,7,0.7812,117.6,59,112.9,263,0.6142,120,59.8,2,53.1,271,13.7,16,17.2,134,19.1,365,32.6,287,31.3,274,26.2,15,60.8,5,50.5,117,39.2,6,38.3,359,48.6,23,37.1,107,63.9,340,-2.2,73
121,Duquesne,,A10,33,18-15,18,15,0.5455,110.8,132,106.7,130,0.6086,121,52.3,129,52.5,237,17.6,242,18.3,83,30.4,182,29.6,138,38.3,96,39.9,297,54.5,72,51.3,155,33.1,222,36.2,310,44.4,79,40.3,214,68.8,104,-7.5,148
122,UC San Diego,,BW,34,23-11,23,11,0.6765,106.2,222,102.2,62,0.6076,122,52.6,119,48.4,47,16.5,161,16.8,167,26.1,320,27.0,37,31.2,278,29.3,50,55.0,58,49.3,74,32.8,240,31.5,47,42.3,130,43.9,318,67.2,189,-5.9,118
123,Florida Atlantic,,Amer,33,18-15,18,15,0.5455,109.6,155,105.6,110,0.6044,123,52.2,133,49.5,83,17.6,242,15.5,251,31.6,139,28.3,81,33.3,230,36.2,210,53.6,97,48.8,59,33.3,208,33.8,171,38.2,206,35.2,53,69.8,56,-8.3,161
124,San Francisco,,WCC,33,17-16,17,16,0.5152,113.3,97,109.3,188,0.6016,124,51.2,184,50.8,143,15.8,120,14.1,330,31.3,150,29.0,100,40.1,59,29.6,53,50.7,223,50.6,120,34.6,145,34.1,189,46.1,45,35.8,67,65.9,264,-7.0,137
125,UNC Wilmington,,CAA,32,26-6,26,6,0.8125,110.6,137,106.8,134,0.5994,125,50.9,198,47.2,23,15.0,58,15.0,286,35.4,40,26.7,27,41.7,38,31.8,97,49.4,273,49.5,81,35.5,87,29.5,5,38.9,192,42.6,282,64.9,308,-2.8,77
126,Washington State,,WCC,32,12-20,12,20,0.375,114.4,88,110.5,212,0.5984,126,54.7,48,52.6,242,18.4,290,14.6,314,29.5,220,28.2,74,30.2,305,33.0,128,54.6,68,52.4,214,36.5,38,35.4,267,44.8,72,36.7,91,67.9,149,-11.3,230
127,UC Santa Barbara,,BW,32,18-14,18,14,0.5625,113.7,96,109.9,200,0.5943,127,54.7,48,52.6,242,18.7,308,16.8,167,31.0,166,25.5,14,36.8,137,42.4,329,53.6,97,53.5,252,37.4,23,33.9,174,44.1,85,35.7,64,64.3,328,-9.1,183
128,Montana State,,BSky,32,18-14,18,14,0.5625,110.9,130,107.4,145,0.5931,128,53.6,78,51.7,194,14.7,48,15.7,238,27.0,295,28.2,74,30.2,305,29.6,53,53.1,127,51.8,185,36.1,49,34.3,200,44.7,74,34.3,36,65.9,263,-8.1,158
129,Southern Illinois,,MVC,32,16-16,16,16,0.5,102.4,291,99.3,28,0.5886,129,49.2,282,49.0,69,17.0,200,18.5,69,30.9,172,27.3,47,31.3,274,31.4,89,52.2,160,51.5,163,27.8,363,30.4,17,29.2,354,41.5,255,69.0,93,-9.5,195
130,Wright State,,Horz,34,23-11,23,11,0.6765,112.4,110,109.0,180,0.5869,130,54.4,59,52.1,218,16.3,154,16.5,183,33.2,86,29.2,119,38.0,104,33.5,139,54.5,72,52.9,232,36.1,49,33.6,161,33.7,301,34.2,35,67.0,207,-6.6,130
131,Fresno State,,MWC,32,13-19,13,19,0.4062,106.9,204,103.8,80,0.5854,131,50.6,208,51.5,187,18.1,272,18.2,88,27.9,270,30.6,185,33.8,218,28.6,37,52.3,155,55.7,320,32.1,274,30.7,26,40.9,146,44.0,319,68.3,129,-10.3,212
132,Toledo,,MAC,34,19-15,19,15,0.5588,114.5,87,111.2,224,0.5845,132,54.5,57,54.3,308,14.7,48,17.8,108,29.5,220,33.7,313,30.5,297,26.6,18,54.0,87,56.1,328,37.0,28,34.4,210,32.5,323,40.0,204,67.9,151,-9.0,179
133,Memphis,,Amer,32,13-19,13,19,0.4062,107.9,184,104.8,93,0.5826,133,48.7,296,48.7,54,18.9,314,18.5,69,35.3,44,35.6,348,34.7,191,42.4,329,49.4,273,51.0,137,31.6,299,30.5,22,33.7,301,43.2,300,70.0,47,-9.6,197
134,Bradley,,MVC,33,21-12,21,12,0.6364,110.8,134,107.9,152,0.5764,134,51.0,191,52.6,242,13.8,19,19.3,39,27.3,286,28.2,74,36.1,151,37.8,255,49.2,278,51.3,155,35.8,69,36.3,315,40.4,161,40.0,204,67.5,176,-6.0,121
135,Murray State,,MVC,32,20-12,20,12,0.625,115.2,77,112.2,245,0.5742,135,53.8,73,52.3,228,16.2,150,16.0,225,33.0,92,31.3,212,39.1,79,32.9,125,55.0,58,51.5,163,34.8,131,36.3,315,44.8,72,27.3,2,71.8,12,-5.4,109
136,Idaho,,BSky,35,21-14,21,14,0.6,108.8,166,106.2,122,0.5701,136,51.9,151,50.3,117,15.0,58,15.2,271,28.9,237,24.2,5,34.8,187,39.2,290,52.0,167,49.3,74,34.5,147,34.8,234,46.8,34,35.8,67,67.4,179,-8.9,176
137,UAB,,Amer,32,20-12,20,12,0.625,108.5,174,106.0,120,0.5663,137,48.4,306,50.0,98,12.5,2,16.1,218,32.5,102,27.7,55,36.4,142,28.7,39,51.3,201,50.7,127,27.8,363,32.6,91,30.5,349,39.2,174,69.3,78,-6.2,125
138,Northern Colorado,,BSky,32,20-12,20,12,0.625,112.3,113,109.8,199,0.563,138,55.7,27,50.1,105,15.4,91,12.4,363,27.2,288,24.2,5,27.5,346,38.8,277,58.1,20,52.3,208,35.0,113,30.7,26,41.5,141,35.0,47,68.5,121,-7.1,138
139,Boston College,,ACC,31,11-20,11,20,0.3548,103.7,268,101.5,46,0.5625,139,47.0,336,48.9,62,15.4,91,14.9,294,28.3,254,28.6,90,32.4,251,34.6,164,49.1,280,49.6,86,29.4,347,31.9,60,42.4,127,39.0,163,66.0,259,-10.0,207
140,North Texas,,Amer,33,19-14,19,14,0.5758,103.1,282,101.2,39,0.5533,140,46.0,349,48.4,47,16.7,175,21.3,7,33.5,79,32.4,275,39.6,63,45.1,349,47.4,326,49.8,92,28.7,358,30.9,32,32.3,325,38.6,154,65.0,305,-7.4,143
141,Penn State,,B10,32,12-20,12,20,0.375,113.8,93,111.7,234,0.5524,141,53.0,107,58.4,363,15.6,108,17.7,116,25.9,324,31.1,204,33.8,218,27.5,26,55.8,44,58.6,357,32.4,258,38.8,363,38.1,209,43.4,310,67.5,174,-7.2,140
142,Troy,,SB,33,22-11,22,11,0.6667,110.7,136,109.0,181,0.5438,142,51.9,151,50.1,105,17.0,200,16.9,161,34.8,53,31.6,229,36.3,146,32.1,104,53.7,93,52.0,195,33.2,214,31.3,41,45.6,54,38.4,148,65.1,303,-6.2,124
143,Temple,,Amer,32,16-16,16,16,0.5,111.7,120,110.1,206,0.5409,143,50.2,227,50.7,139,13.7,16,15.5,251,29.8,205,30.3,173,40.6,55,35.5,193,50.0,252,51.5,163,33.6,193,32.8,104,35.7,257,35.9,74,64.9,307,-10.3,212
144,Central Arkansas,,ASun,34,22-12,22,12,0.6471,109.6,154,108.1,157,0.5398,144,54.0,70,54.9,326,15.4,91,19.0,50,28.8,238,27.4,50,31.2,278,30.1,60,54.7,65,57.3,347,35.5,87,35.2,257,48.7,21,52.3,364,67.9,147,-6.6,131
145,Kennesaw State,,CUSA,34,21-13,21,13,0.6176,110.8,133,109.5,192,0.5339,145,50.7,203,48.5,50,16.7,175,16.1,218,35.5,38,31.3,212,45.1,7,47.5,358,50.8,218,47.0,28,33.7,188,33.9,174,42.9,114,38.3,145,71.3,19,-8.0,155
146,Arkansas St.,,SB,32,20-12,20,12,0.625,109.8,149,108.5,167,0.5336,146,51.7,162,50.3,117,19.8,342,14.9,294,38.2,6,27.0,37,39.1,79,37.0,233,53.6,97,50.8,128,32.9,236,32.9,109,44.9,70,38.8,158,72.1,10,-7.3,142
147,Penn,,Ivy,29,18-11,18,11,0.6207,106.6,212,105.4,105,0.5315,147,50.3,225,51.7,194,15.4,91,17.8,108,30.3,187,30.5,182,35.2,172,27.5,26,46.2,344,54.4,287,38.7,11,31.7,53,35.0,273,39.3,178,69.0,91,-6.0,120
148,Navy,,Pat,33,26-7,26,7,0.7879,106.4,215,105.4,104,0.5282,148,53.2,94,48.0,41,16.8,183,18.3,83,31.6,139,26.9,31,39.6,63,25.6,10,52.9,133,50.4,115,36.0,56,30.1,9,33.1,315,45.8,343,65.2,298,-4.2,92
149,Loyola Marymount,,WCC,32,15-17,15,17,0.4688,106.5,214,105.5,106,0.5274,149,51.8,155,48.9,62,17.5,234,16.6,177,26.7,306,32.0,251,31.1,281,32.5,110,51.6,186,47.2,32,34.8,131,34.6,223,40.4,161,36.2,83,67.2,190,-10.1,210
150,Eastern Washington,,BSky,33,14-19,14,19,0.4242,113.1,101,112.1,243,0.5263,150,53.7,75,54.9,326,17.7,250,16.2,211,31.3,150,30.8,193,36.1,151,37.3,246,53.6,97,56.3,333,35.9,63,35.2,257,34.7,280,39.0,163,67.8,155,-12.1,245
151,Robert Morris,,Horz,33,22-11,22,11,0.6667,110.0,147,109.0,176,0.5262,151,54.9,43,50.0,98,18.6,301,15.9,228,37.5,14,28.8,96,28.0,342,40.1,300,53.5,105,50.2,108,38.0,18,33.2,133,40.7,153,36.0,78,64.5,324,-6.7,133
152,Rhode Island,,A10,32,16-16,16,16,0.5,104.2,261,103.3,72,0.5245,152,50.1,230,50.4,124,19.2,328,21.1,11,31.0,166,31.8,243,38.4,93,42.6,331,52.8,138,49.3,74,31.1,315,34.7,229,43.5,101,41.5,255,65.8,266,-9.5,193
153,Bowling Green,,MAC,32,18-14,18,14,0.5625,106.0,229,105.2,98,0.5228,153,51.8,155,51.0,157,16.5,161,18.4,77,28.7,243,26.9,31,37.0,132,37.2,241,51.9,170,51.6,172,34.4,154,33.5,150,34.2,289,41.2,243,68.2,131,-9.7,198
154,St. Bonaventure,,A10,34,17-17,17,17,0.5,113.1,100,112.4,252,0.5196,154,52.4,126,53.3,277,16.8,183,17.1,140,34.5,61,29.8,147,30.0,310,33.9,146,50.8,218,52.8,227,37.4,23,36.0,299,31.3,335,40.7,228,67.1,193,-10.0,208
155,Cornell,,Ivy,28,15-13,15,13,0.5357,119.8,44,119.1,342,0.5171,155,58.5,7,55.9,343,16.0,134,15.1,275,30.2,192,30.6,185,30.2,305,37.2,241,59.7,9,55.7,320,38.3,15,37.5,349,51.6,8,38.3,145,71.4,16,-8.3,163
156,Kent State,,MAC,33,24-9,24,9,0.7273,110.6,137,110.0,202,0.5157,156,51.9,151,52.1,218,18.1,272,16.4,191,35.8,30,29.6,138,44.3,9,39.8,296,51.0,213,51.9,188,35.3,93,34.9,241,45.0,66,42.7,286,70.6,29,-3.9,87
157,Middle Tennessee,,CUSA,32,17-15,17,15,0.5312,109.7,152,109.1,182,0.5152,157,51.6,170,51.0,157,17.1,208,15.0,286,30.7,176,28.5,86,32.7,245,35.7,199,52.3,155,51.0,137,33.8,184,33.9,174,45.3,59,35.3,57,65.5,279,-8.8,174
158,Portland St.,,BSky,31,20-11,20,11,0.6452,103.1,283,102.6,65,0.5137,158,50.6,208,48.8,57,16.9,190,18.0,98,30.0,197,26.4,24,37.1,130,42.8,336,51.5,192,49.0,64,32.6,248,32.3,75,34.4,285,39.7,193,67.8,158,-6.3,127
159,Austin Peay,,ASun,31,22-9,22,9,0.7097,108.7,171,108.2,160,0.5123,159,53.0,107,52.2,221,15.4,91,17.9,102,29.7,214,28.9,99,37.6,115,32.8,123,53.0,129,53.9,272,35.3,93,33.2,133,38.0,215,40.8,233,69.2,82,-5.3,103
160,William & Mary,,CAA,32,20-12,20,12,0.625,110.4,142,110.0,201,0.5106,160,54.3,60,51.9,206,16.5,161,19.0,50,26.0,322,31.5,223,44.0,12,35.5,193,57.9,23,53.7,260,33.0,229,33.1,126,42.8,118,45.5,337,72.6,7,-7.1,139
161,Georgia Tech,,ACC,31,11-20,11,20,0.3548,106.9,205,106.5,129,0.51,161,50.0,233,49.9,92,18.6,301,15.6,246,29.9,202,30.7,188,33.3,230,34.2,155,48.7,290,50.1,107,35.1,107,33.1,126,33.2,314,44.4,326,70.9,24,-9.7,200
162,Valparaiso,,MVC,33,18-15,18,15,0.5455,107.6,192,107.2,140,0.5095,162,47.6,322,50.5,131,15.7,115,16.9,161,32.5,102,30.1,163,39.1,79,35.1,176,45.8,348,51.9,188,33.9,177,32.1,67,36.8,234,37.0,103,65.1,300,-8.3,162
163,Oregon State,,WCC,33,17-16,17,16,0.5152,109.4,159,109.0,179,0.5091,163,50.5,216,50.3,117,17.7,250,15.3,263,26.8,304,32.1,258,43.1,20,35.1,176,48.8,287,51.0,137,35.0,113,32.9,109,44.3,82,41.5,255,65.2,295,-7.5,147
164,UC Davis,,BW,33,19-14,19,14,0.5758,107.0,201,106.7,131,0.5077,164,51.8,155,51.7,194,17.9,262,19.8,29,25.2,334,30.5,182,40.5,56,39.1,286,51.9,170,52.4,214,34.4,154,33.8,171,43.5,101,38.1,134,68.9,102,-8.4,166
165,Harvard,,Ivy,29,17-12,17,12,0.5862,105.4,236,105.2,99,0.5064,165,53.2,94,50.4,124,17.4,225,17.1,140,26.8,304,28.2,74,25.7,360,26.6,18,54.0,87,51.4,159,34.7,137,32.6,91,40.2,165,38.7,156,63.1,356,-7.5,149
166,Montana,,BSky,34,18-16,18,16,0.5294,107.2,198,107.0,138,0.5049,166,55.8,26,50.5,131,19.6,338,14.3,326,20.7,363,29.6,138,36.8,137,32.6,113,56.5,39,51.9,188,36.6,36,32.3,75,41.8,136,38.0,129,69.5,71,-10.0,209
167,Cal St. Northridge,,BW,34,20-14,20,14,0.5882,108.9,165,108.9,174,0.5009,167,51.3,181,51.6,192,17.5,234,16.4,191,31.9,127,26.6,26,34.2,204,34.3,157,52.6,148,51.7,178,32.4,258,34.4,210,33.6,307,48.6,359,73.5,3,-8.2,160
168,Richmond,,A10,32,15-17,15,17,0.4688,110.4,140,110.5,213,0.4973,168,52.7,114,52.0,210,14.3,30,17.7,116,25.0,342,31.0,200,36.9,135,35.1,176,50.5,232,54.5,297,37.1,27,32.7,97,42.6,123,45.6,339,67.6,172,-10.9,224
169,Western Kentucky,,CUSA,32,18-14,18,14,0.5625,108.0,182,108.2,161,0.4951,169,47.5,327,51.2,168,14.5,39,17.2,134,31.8,132,29.5,134,41.2,44,46.8,357,45.8,348,51.0,137,33.4,202,34.3,200,39.4,183,42.3,277,69.9,51,-8.6,170
170,Merrimack,,MAAC,34,23-11,23,11,0.6765,106.2,225,106.4,125,0.4945,170,49.1,287,46.7,18,14.8,54,20.4,19,24.8,343,39.9,365,38.2,99,37.1,237,49.1,280,47.3,34,32.7,243,30.3,13,46.1,45,32.6,16,63.5,348,-6.3,129
171,Monmouth,,CAA,34,19-15,19,15,0.5588,106.3,220,106.7,132,0.4891,171,49.6,257,50.1,105,16.6,171,19.9,27,31.2,156,32.8,292,32.7,245,32.2,107,48.7,290,49.6,86,34.2,162,33.9,174,34.4,285,38.3,145,66.9,210,-10.0,205
172,Charlotte,,Amer,34,17-17,17,17,0.5,112.9,104,113.5,275,0.4845,172,53.4,85,50.9,149,18.1,272,13.6,344,33.9,68,32.5,281,36.4,142,36.2,210,53.8,91,51.4,159,35.2,104,33.5,150,45.4,57,40.7,228,63.4,351,-10.2,211
173,Winthrop,,BSth,34,23-11,23,11,0.6765,110.4,143,111.0,221,0.4833,173,49.7,247,51.4,181,14.7,48,16.7,172,34.1,65,27.7,55,44.0,12,39.0,282,49.7,266,53.0,238,33.2,214,32.9,109,44.1,85,42.8,290,69.9,50,-5.6,113
174,Massachusetts,,MAC,33,17-16,17,16,0.5152,109.9,148,110.6,214,0.4812,174,53.1,98,52.9,258,17.8,255,16.8,167,33.3,83,26.1,20,37.0,132,44.6,348,53.2,120,55.4,316,35.2,104,33.0,117,35.4,263,42.7,286,70.2,37,-11.4,232
175,Towson,,CAA,34,19-15,19,15,0.5588,104.1,263,104.9,94,0.4787,175,46.5,345,48.5,50,15.9,122,15.1,275,36.0,26,29.1,110,30.4,300,29.3,50,47.8,313,50.0,101,29.4,347,30.9,32,34.9,275,41.4,250,63.4,349,-9.0,178
176,FIU,,CUSA,32,15-17,15,17,0.4688,107.7,189,108.6,168,0.4767,176,50.6,208,52.9,258,17.7,250,20.1,21,33.9,68,34.8,333,38.6,90,35.9,205,49.9,256,51.7,178,34.7,137,36.2,310,32.7,320,45.1,334,71.6,14,-11.5,233
177,Fordham,,A10,32,17-15,17,15,0.5312,103.2,281,104.2,87,0.4724,177,48.6,299,49.9,92,17.2,216,17.2,134,34.1,65,26.8,29,26.4,356,30.3,63,51.9,170,49.8,92,28.9,355,33.4,143,38.3,203,42.4,279,64.2,332,-9.4,192
178,Oakland,,Horz,32,16-16,16,16,0.5,113.8,93,115.0,297,0.4703,178,52.7,114,54.7,320,14.7,48,15.1,275,31.3,150,34.4,324,38.1,103,24.6,4,53.0,129,57.0,342,34.7,137,34.3,200,34.0,292,41.7,264,70.0,45,-8.4,164
179,Northern Kentucky,,Horz,34,20-14,20,14,0.5882,109.0,164,110.2,207,0.4686,179,53.2,94,54.2,304,16.3,154,18.6,66,32.2,117,31.6,229,35.9,157,37.2,241,55.5,48,53.8,268,33.6,193,36.6,332,44.9,70,38.1,134,70.0,44,-9.6,196
180,Green Bay,,Horz,33,18-15,18,15,0.5455,113.1,103,114.3,292,0.468,180,54.9,43,53.6,285,16.0,134,13.2,351,25.1,339,29.6,138,41.6,41,37.4,248,55.0,58,52.9,232,36.4,41,36.3,315,37.3,224,43.3,306,63.0,361,-9.7,199
181,Texas A&M–Corpus Christi,,Slnd,33,18-15,18,15,0.5455,104.0,264,105.3,101,0.4665,181,49.5,265,50.1,105,19.4,333,19.0,50,31.7,135,28.8,96,41.1,47,46.3,353,48.1,305,51.5,163,35.0,113,31.6,50,31.4,334,34.9,46,65.9,262,-9.1,180
182,UT Arlington,,WAC,32,18-14,18,14,0.5625,101.4,304,102.6,66,0.4647,182,47.2,332,47.4,29,20.7,354,18.0,98,34.9,50,30.1,163,42.5,27,40.9,310,48.8,287,50.9,134,29.1,352,26.9,1,30.7,344,32.3,13,64.8,311,-8.1,156
183,Utah Tech,,WAC,34,19-15,19,15,0.5588,111.2,126,112.7,260,0.4624,183,53.3,87,50.9,149,17.6,242,16.9,161,28.1,261,34.5,325,30.6,291,33.0,128,53.7,93,53.5,252,35.0,113,30.7,26,38.2,206,34.4,38,66.4,231,-8.1,157
184,Appalachian St.,,SB,32,19-13,19,13,0.5938,105.3,238,107.0,137,0.4562,184,49.9,238,47.5,33,15.3,82,14.0,334,32.0,123,29.0,100,39.1,79,31.2,86,53.6,97,47.0,28,30.4,334,32.2,72,45.9,47,41.4,250,63.0,360,-9.2,184
185,UMBC,,AE,32,24-8,24,8,0.75,107.6,191,109.2,186,0.4557,185,53.9,71,49.2,75,14.1,25,15.2,271,25.1,339,25.6,15,33.8,218,25.2,8,54.0,87,49.7,90,35.9,63,32.2,72,38.8,194,37.8,122,66.0,256,-5.1,101
186,Siena,,MAAC,34,23-11,23,11,0.6765,107.3,197,108.9,175,0.455,186,50.6,208,48.6,52,16.0,134,17.1,140,31.9,127,29.0,100,34.2,204,27.2,24,52.8,138,48.2,46,30.4,334,32.8,104,31.9,329,39.3,178,64.6,319,-7.8,151
187,Campbell,,CAA,34,16-18,16,18,0.4706,110.4,141,112.3,249,0.4517,187,50.1,230,53.9,295,17.6,242,17.0,155,33.5,79,32.0,251,43.5,16,37.0,233,51.2,204,54.2,283,32.3,264,35.5,275,36.9,232,29.9,4,69.8,54,-10.9,225
188,Detroit,,Horz,32,17-15,17,15,0.5312,108.8,167,110.7,215,0.4515,188,49.5,265,52.2,221,16.0,134,14.4,324,33.3,83,30.8,193,32.6,247,37.6,252,48.1,305,53.8,268,35.1,107,33.3,137,30.7,344,42.6,282,68.8,105,-9.8,202
189,Portland,,WCC,34,15-19,15,19,0.4412,106.3,221,108.1,158,0.4509,189,51.2,184,52.7,249,19.7,341,17.0,155,28.1,261,32.5,281,34.4,202,32.6,113,54.7,65,51.4,159,29.9,344,36.1,308,35.4,263,45.6,339,68.5,119,-10.5,217
190,College of Charleston,,CAA,32,21-11,21,11,0.6562,106.7,211,108.7,170,0.4474,190,50.5,216,49.2,75,15.7,115,14.7,306,29.9,202,32.3,270,41.2,44,26.1,14,53.4,107,49.5,81,30.6,328,32.6,91,38.1,209,43.7,313,67.7,161,-6.3,126
191,Youngstown St.,,Horz,32,15-17,15,17,0.4688,106.3,219,108.3,165,0.4467,191,53.7,75,52.3,228,18.8,312,17.8,108,30.4,182,30.7,188,31.4,270,36.0,207,56.6,38,51.7,178,33.8,184,35.5,275,49.4,17,34.3,36,67.3,186,-12.6,253
192,Louisiana Tech,,CUSA,34,20-14,20,14,0.5882,103.2,279,105.2,100,0.4459,192,47.4,331,48.7,54,18.3,286,17.8,108,36.4,22,31.6,229,33.1,234,36.3,217,49.7,266,46.7,24,28.5,359,33.9,174,33.4,310,46.8,350,63.9,339,-9.3,188
193,Cal State Fullerton,,BW,34,18-16,18,16,0.5294,107.6,190,109.7,195,0.4449,193,51.4,178,54.3,308,15.2,73,19.5,33,24.6,345,28.3,81,37.8,108,35.3,185,51.4,198,57.1,343,34.2,162,34.0,184,43.1,106,46.4,347,72.9,5,-9.3,189
194,Furman,,SC,34,22-12,22,12,0.6471,106.9,207,109.0,177,0.4441,194,54.8,45,50.1,105,17.8,255,13.7,342,31.0,166,27.5,51,32.1,257,28.9,43,59.0,13,50.9,134,33.3,208,32.6,91,46.3,41,41.9,269,65.8,265,-8.7,173
195,New Mexico State,,CUSA,32,16-16,16,16,0.5,108.1,180,110.3,210,0.4438,195,48.5,303,48.7,54,15.0,58,14.7,306,32.5,102,30.3,173,34.9,183,44.2,346,48.5,298,48.8,59,32.4,258,32.4,83,38.7,197,41.3,249,66.6,224,-11.4,231
196,South Alabama,,SB,32,21-11,21,11,0.6562,107.1,200,109.3,188,0.4428,196,52.7,114,50.0,98,13.2,9,18.2,88,25.2,334,31.3,212,39.2,74,25.3,9,53.3,113,50.9,134,34.5,147,33.0,117,36.6,237,64.3,365,64.6,320,-7.5,146
197,East Tennessee State,,SC,34,23-11,23,11,0.6765,107.8,186,110.0,202,0.4427,197,55.3,33,51.0,157,15.2,73,18.5,69,28.3,254,27.9,63,35.0,178,36.4,222,57.2,29,52.6,220,34.7,137,32.9,109,37.8,216,47.7,357,66.0,255,-7.4,145
198,Queens,,ASun,34,21-13,21,13,0.6176,114.6,85,117.1,316,0.4395,198,56.6,14,54.0,299,14.8,54,15.0,286,30.4,182,33.0,301,36.3,146,38.7,274,59.0,13,54.1,279,35.9,63,35.8,294,46.8,34,39.5,183,69.5,70,-7.0,136
199,Missouri St.,,CUSA,34,16-18,16,18,0.4706,109.3,160,111.7,232,0.4393,199,51.1,188,52.0,210,16.7,175,16.9,161,32.0,123,32.1,258,43.8,14,40.2,301,52.2,160,52.3,208,33.0,229,34.4,210,41.3,143,35.8,67,65.3,292,-13.0,261
200,New Orleans,,Slnd,33,15-18,15,18,0.4545,108.7,170,111.2,223,0.4358,200,49.6,257,49.0,69,20.5,353,14.9,294,35.6,36,34.5,325,46.4,3,39.5,293,50.6,229,49.3,74,31.8,285,32.4,83,33.7,301,40.2,209,69.8,59,-10.6,218
201,Tulane,,Amer,33,18-15,18,15,0.5455,107.5,194,110.1,204,0.4325,201,49.4,272,50.7,139,15.4,91,17.1,140,22.8,351,35.8,351,43.5,16,38.1,263,50.5,232,50.0,101,32.0,278,34.5,217,45.0,66,40.5,222,66.9,212,-9.1,182
202,Drexel,,CAA,33,17-16,17,16,0.5152,102.6,287,105.1,97,0.4322,202,50.7,203,47.1,22,19.0,319,16.4,191,31.2,156,31.0,200,31.6,267,35.4,189,49.0,283,47.9,41,35.5,87,30.3,13,40.0,170,34.1,34,64.2,334,-11.8,240
203,Weber State,,BSky,32,16-16,16,16,0.5,111.1,128,113.8,278,0.4301,203,51.7,162,54.5,315,15.7,115,16.3,203,31.8,132,27.7,55,39.2,74,36.4,222,51.6,186,57.1,343,34.5,147,33.5,150,32.8,318,38.8,158,68.5,116,-10.6,220
204,Jacksonville State,,CUSA,32,15-17,15,17,0.4688,105.3,239,108.0,156,0.4291,204,49.7,247,49.6,85,17.0,200,16.2,211,29.8,205,28.0,66,43.1,20,38.7,274,47.4,326,49.3,74,35.7,73,33.3,137,38.1,209,42.9,293,65.1,302,-12.9,259
205,Indiana St.,,MVC,32,11-21,11,21,0.3438,105.9,231,108.8,172,0.4247,205,52.8,111,50.2,113,19.5,336,14.9,294,26.2,315,31.8,243,27.4,348,28.8,40,57.4,25,52.0,195,31.5,305,31.3,41,45.2,62,34.4,38,68.2,132,-14.7,291
206,Howard,,MEAC,33,23-10,23,10,0.697,103.4,275,106.2,123,0.4242,206,50.6,208,47.4,29,19.8,342,21.3,7,36.6,20,32.0,251,44.2,10,38.3,265,49.9,256,48.3,48,34.7,137,30.4,17,34.3,288,34.0,33,69.0,90,-6.9,135
207,Columbia,,Ivy,28,16-12,16,12,0.5714,107.9,183,110.8,218,0.4233,207,53.5,83,51.2,168,19.3,331,15.0,286,36.1,25,27.2,44,28.6,336,33.5,139,53.2,120,50.3,110,35.9,63,35.2,257,37.5,221,36.0,78,66.8,217,-7.8,152
208,Marist,,MAAC,31,19-12,19,12,0.6129,99.6,330,102.4,64,0.4197,208,49.3,276,45.6,7,16.9,190,19.5,33,29.1,233,28.3,81,25.7,360,37.6,252,49.8,262,47.1,30,32.2,268,28.6,2,34.6,281,36.8,92,66.2,243,-9.3,185
209,Mercer,,SC,32,19-13,19,13,0.5938,110.8,135,114.0,285,0.4174,209,53.1,98,52.5,237,15.0,58,17.0,155,32.6,100,33.2,305,39.2,74,29.7,55,53.0,129,51.3,155,35.6,79,36.2,310,39.2,185,42.1,272,68.9,96,-8.5,168
210,James Madison,,SB,33,18-15,18,15,0.5455,109.1,162,112.4,250,0.4148,210,53.1,98,49.0,69,17.3,223,12.8,358,30.6,178,29.5,134,35.9,157,40.8,308,53.2,120,48.9,62,35.4,92,32.7,97,42.5,126,38.2,139,66.0,258,-10.4,214
211,Rice,,Amer,31,13-18,13,18,0.4194,109.0,163,112.6,256,0.4081,211,48.5,303,51.0,157,17.9,262,15.7,238,35.3,44,34.6,329,33.9,215,40.4,305,46.2,344,51.0,137,34.3,158,34.0,184,44.1,85,35.5,61,65.6,277,-12.3,246
212,Marshall,,SB,32,19-13,19,13,0.5938,111.9,115,115.7,303,0.4057,212,54.8,45,50.3,117,16.6,171,16.3,203,31.9,127,33.8,315,29.2,327,41.1,313,54.6,68,50.3,110,36.8,29,33.6,161,44.3,82,39.6,190,69.4,75,-8.5,169
213,San Diego,,WCC,33,12-21,12,21,0.3636,108.5,176,112.2,247,0.4038,213,51.2,184,54.7,320,17.5,234,18.9,54,28.1,261,34.5,325,25.8,358,38.8,277,50.8,218,58.5,356,34.6,145,32.7,97,43.7,97,40.1,207,68.1,135,-13.4,271
214,San Jose St.,,MWC,33,9-24,9,24,0.2727,112.7,107,116.6,311,0.4035,214,49.7,247,57.1,358,15.1,67,17.4,126,29.3,226,36.5,354,33.4,228,35.3,185,47.6,319,59.1,361,35.3,93,36.0,299,38.3,203,39.3,178,65.0,304,-14.0,282
215,La Salle,,A10,32,9-23,9,23,0.2812,106.0,230,109.7,194,0.4031,215,45.4,357,55.0,329,18.2,282,17.1,140,33.7,76,32.4,275,37.5,117,31.5,95,45.6,351,55.1,311,30.0,342,36.5,325,31.5,333,42.2,274,65.8,269,-14.8,294
216,Drake,,MVC,34,14-20,14,20,0.4118,109.5,156,113.3,269,0.4029,216,51.4,178,52.6,242,15.0,58,14.6,314,26.6,307,29.9,151,33.5,223,32.0,99,51.7,182,51.1,147,34.0,171,36.4,322,45.7,50,43.3,306,67.1,197,-13.6,274
217,Cal Poly,,BW,33,14-19,14,19,0.4242,109.4,157,113.3,271,0.4006,217,51.5,174,53.8,292,19.9,346,16.2,211,30.0,197,29.6,138,34.9,183,34.1,153,53.7,93,55.0,309,33.0,229,34.7,229,52.6,5,40.8,233,74.1,1,-12.4,249
218,Tennessee St.,,OVC,32,23-9,23,9,0.7188,107.8,187,111.9,239,0.3936,218,50.1,230,51.2,168,16.5,161,20.0,24,34.9,50,29.9,151,33.5,223,41.6,317,49.9,256,51.8,185,33.7,188,33.5,150,30.7,344,36.0,78,70.1,38,-5.7,114
219,Buffalo,,MAC,32,17-15,17,15,0.5312,111.3,125,115.7,305,0.3883,219,55.4,30,55.1,332,16.1,144,17.9,102,27.1,292,31.1,204,39.6,63,31.4,89,54.1,84,56.9,341,37.9,19,35.1,251,45.5,56,42.0,270,66.5,230,-10.4,215
220,Quinnipiac,,MAAC,32,19-13,19,13,0.5938,103.7,267,107.9,153,0.3876,220,48.2,310,48.9,62,15.9,122,17.4,126,34.1,65,32.0,251,33.8,218,30.6,73,46.7,335,47.1,30,34.0,171,34.9,241,33.7,301,35.4,59,70.1,40,-8.6,172
221,Southern Miss,,SB,35,19-16,19,16,0.5429,104.6,253,108.8,173,0.387,221,49.0,289,51.4,181,18.4,290,17.8,108,32.5,102,28.8,96,43.2,19,43.6,341,51.3,201,51.1,147,28.9,355,34.5,217,28.7,358,39.4,182,69.1,88,-11.0,226
222,South Dakota State,,Sum,32,14-18,14,18,0.4375,107.5,195,111.9,238,0.3864,222,52.0,144,51.8,201,16.1,144,14.5,318,30.3,187,25.1,11,29.7,317,34.5,162,52.7,144,52.4,214,34.0,171,34.1,189,38.8,194,47.0,353,67.0,205,-12.7,256
223,Western Carolina,,SC,31,15-16,15,16,0.4839,109.4,158,114.0,287,0.3824,223,50.4,221,54.9,326,16.8,183,14.5,318,35.4,40,26.3,21,31.3,274,37.8,255,50.6,229,54.8,305,33.5,198,36.7,337,40.9,146,43.7,313,67.9,148,-10.7,222
224,Bethune Cookman,,SWAC,32,17-15,17,15,0.5312,104.1,262,108.6,169,0.3817,224,51.0,191,49.7,89,19.2,328,15.8,231,30.1,194,31.7,236,40.9,52,38.6,272,51.6,186,49.9,97,33.0,229,32.9,109,29.7,353,33.1,20,69.0,92,-8.5,167
225,Tarleton St.,,WAC,32,14-18,14,18,0.4375,103.3,277,107.8,151,0.3806,225,48.3,307,53.6,285,20.0,348,23.4,2,31.5,141,35.1,341,41.9,35,47.7,359,48.2,303,54.4,287,32.5,254,34.9,241,24.2,365,40.7,228,69.5,69,-11.9,242
226,Ohio,,MAC,32,15-17,15,17,0.4688,108.3,178,113.2,265,0.3759,226,50.9,198,53.0,265,15.5,101,16.1,218,28.4,252,32.8,292,36.9,135,38.2,264,54.5,72,51.9,188,30.1,341,36.8,340,38.1,209,33.6,25,68.9,101,-11.6,234
227,Stony Brook,,CAA,32,17-15,17,15,0.5312,105.2,241,110.2,209,0.3708,227,50.2,227,50.7,139,16.8,183,17.1,140,28.0,268,32.4,275,28.4,339,35.4,189,48.5,298,48.8,59,34.8,131,35.7,291,45.8,49,39.8,199,66.2,246,-10.7,221
228,Texas St.,,SB,32,19-13,19,13,0.5938,104.4,256,109.6,193,0.3642,228,50.0,233,52.0,210,18.6,301,18.5,69,33.9,68,28.4,85,34.0,210,39.1,286,50.5,232,51.1,147,32.2,268,35.7,291,24.6,364,37.5,114,66.1,249,-9.8,201
229,Georgia Southern,,SB,37,21-16,21,16,0.5676,110.0,146,115.9,307,0.3539,229,51.4,178,52.3,228,14.6,44,18.7,59,28.8,238,35.2,342,39.6,63,41.4,316,52.7,144,52.9,232,33.4,202,34.3,200,48.9,20,39.5,183,70.1,39,-12.0,243
230,Coastal Carolina,,SB,32,19-13,19,13,0.5938,101.8,297,107.5,147,0.3492,230,47.9,314,46.8,20,15.2,73,12.3,364,26.9,300,27.6,53,32.3,254,34.9,172,46.1,347,45.5,9,33.5,198,32.8,104,43.1,106,35.7,64,67.1,196,-8.9,177
231,Denver,,Sum,32,15-17,15,17,0.4688,114.9,81,121.4,353,0.3484,231,53.6,78,56.0,344,14.3,30,13.0,354,29.8,205,32.8,292,34.1,207,36.8,229,52.6,148,56.6,339,36.8,29,36.7,337,38.6,199,37.0,103,68.0,138,-10.9,223
232,Samford,,SC,32,18-14,18,14,0.5625,107.8,188,113.9,281,0.3463,232,53.1,98,51.9,206,13.4,12,13.0,354,25.3,332,25.7,16,41.9,35,32.9,125,52.8,138,50.3,110,35.6,79,36.5,325,45.7,50,35.9,74,67.3,184,-9.8,203
233,Lipscomb,,ASun,32,19-13,19,13,0.5938,105.1,245,111.1,222,0.3449,233,54.1,67,53.2,273,16.0,134,17.7,116,25.8,325,30.2,169,26.0,357,29.0,46,54.5,72,54.3,285,35.7,73,34.3,200,47.9,26,40.2,209,69.5,74,-7.8,153
234,Long Island,,NEC,34,24-10,24,10,0.7059,103.6,269,109.8,197,0.341,234,53.3,87,49.8,91,19.0,319,18.9,54,34.3,64,32.6,287,34.7,191,34.1,153,52.9,133,50.8,128,36.1,49,31.9,60,29.0,355,33.2,21,67.8,154,-5.8,116
235,Old Dominion,,SB,33,12-21,12,21,0.3636,106.2,223,112.4,253,0.3409,235,50.7,203,50.8,143,15.4,91,14.5,318,26.0,322,30.3,173,34.7,191,42.0,321,48.8,287,52.4,214,36.0,56,32.0,65,36.2,242,36.4,88,68.9,100,-15.4,311
236,Eastern Michigan,,MAC,31,10-21,10,21,0.3226,101.6,301,107.7,150,0.3387,236,49.6,257,50.3,117,17.4,225,15.6,246,27.8,273,29.1,110,29.3,325,35.5,193,50.0,252,50.8,128,32.4,258,32.9,109,31.8,330,35.6,63,66.5,227,-14.7,292
237,Florida Gulf Coast,,ASun,34,16-18,16,18,0.4706,105.2,243,111.6,230,0.3366,237,52.0,144,53.4,279,15.9,122,16.5,183,31.1,161,28.2,74,29.1,330,38.3,265,53.3,113,53.6,257,33.2,214,35.4,267,38.4,201,46.2,345,67.6,169,-13.4,270
238,Omaha,,Sum,33,16-17,16,17,0.4848,106.0,227,112.6,257,0.3343,238,52.2,133,52.7,249,16.1,144,14.1,330,25.5,331,28.7,94,34.5,198,33.6,142,53.0,129,55.6,318,34.0,171,32.9,109,40.9,146,45.5,337,67.1,194,-12.3,247
239,Long Beach State,,BW,32,10-22,10,22,0.3125,104.3,260,110.8,217,0.3325,239,50.6,208,53.7,291,18.0,268,17.5,121,26.2,315,27.8,62,30.7,287,42.3,327,51.5,192,54.8,305,32.7,243,34.4,210,34.8,278,35.3,57,68.4,122,-15.7,313
240,Saint Peter's,,MAAC,29,17-12,17,12,0.5862,103.2,278,109.8,198,0.3304,240,46.4,346,48.1,42,17.7,250,20.0,24,37.0,16,34.7,330,35.5,166,46.4,354,46.2,344,48.0,43,31.0,318,32.1,67,38.7,197,35.5,61,65.5,283,-8.4,165
241,Radford,,BSth,32,16-16,16,16,0.5,106.4,217,113.2,266,0.3284,241,51.3,181,53.0,265,17.1,208,18.5,69,29.8,205,32.2,265,42.4,29,40.0,298,52.3,155,52.9,232,33.5,198,35.5,275,45.4,57,37.9,124,70.7,27,-11.8,241
242,American,,Pat,32,16-16,16,16,0.5,105.2,242,112.2,244,0.3239,242,51.5,174,54.4,311,15.6,108,19.2,42,26.9,300,29.4,130,28.7,334,42.1,323,53.3,113,55.1,311,33.0,229,35.5,275,46.5,37,37.0,103,66.7,221,-11.6,237
243,Iona,,MAAC,32,18-14,18,14,0.5625,103.9,265,110.8,220,0.3233,243,51.9,151,48.9,62,17.2,216,16.6,177,27.8,273,31.2,209,29.3,325,28.8,40,51.2,204,51.0,137,35.1,107,30.6,23,45.9,47,40.7,228,69.1,85,-10.4,216
244,Central Michigan,,MAC,31,10-21,10,21,0.3226,106.5,213,113.5,276,0.3233,244,51.8,155,54.0,299,18.1,272,17.0,155,29.2,229,34.3,322,31.4,270,39.0,282,52.2,160,54.4,287,33.9,177,35.5,275,34.0,292,38.4,148,67.1,199,-15.4,310
245,Boston University,,Pat,34,17-17,17,17,0.5,111.7,121,119.2,344,0.3218,245,57.5,12,53.6,285,17.8,255,13.0,354,28.0,268,28.0,66,31.4,270,30.5,71,56.9,34,52.8,227,38.8,9,36.6,332,43.8,92,40.6,224,63.1,357,-13.7,276
246,Colgate,,Pat,33,18-15,18,15,0.5455,107.4,196,114.7,296,0.3191,246,53.3,87,52.2,221,14.6,44,15.3,263,26.6,307,29.3,126,29.7,317,33.8,144,53.2,120,52.2,202,35.6,79,34.8,234,35.0,273,41.7,264,66.8,213,-10.0,206
247,Nicholls St.,,Slnd,33,14-19,14,19,0.4242,104.8,250,112.0,240,0.3184,247,50.6,208,54.4,311,17.4,225,20.5,17,28.1,261,33.7,313,34.5,198,37.9,259,51.2,204,56.0,325,33.3,208,34.6,223,43.9,89,38.7,156,68.3,130,-12.8,258
248,UC Riverside,,BW,32,10-22,10,22,0.3125,103.6,271,110.7,216,0.3179,248,48.9,290,52.7,249,19.0,319,15.5,251,27.8,273,30.0,156,35.0,178,40.9,310,49.9,256,53.8,268,31.6,299,33.5,150,38.3,203,31.7,8,68.5,120,-15.3,306
249,Southern,,SWAC,34,17-17,17,17,0.5,106.1,226,113.4,272,0.3163,249,49.1,287,53.2,273,16.5,161,18.6,66,31.4,144,31.3,212,39.8,62,42.9,337,47.7,316,52.1,199,34.8,131,36.7,337,32.1,327,37.5,114,69.8,57,-11.0,227
250,Princeton,,Ivy,29,9-20,9,20,0.3103,105.0,246,112.4,251,0.315,250,49.6,257,52.0,210,17.1,208,14.3,326,27.2,288,28.5,86,34.6,197,34.0,149,48.6,293,55.7,320,33.9,177,31.1,39,44.5,78,41.4,250,63.9,341,-14.9,298
251,Southeast Missouri St.,,OVC,33,20-13,20,13,0.6061,101.1,310,108.2,159,0.3139,251,49.8,242,48.8,57,16.9,190,18.1,92,29.6,218,28.2,74,38.8,85,48.0,360,51.8,179,48.4,49,30.9,321,33.1,126,36.0,248,33.2,21,68.9,97,-9.3,187
252,Charleston Southern,,BSth,32,15-17,15,17,0.4688,104.8,249,112.2,246,0.3138,252,54.1,67,46.9,21,18.5,295,12.8,358,29.4,224,30.3,173,30.5,297,43.3,340,54.6,68,46.6,20,35.6,79,31.9,60,49.5,16,31.3,7,71.6,15,-13.3,268
253,Lamar,,Slnd,31,12-19,12,19,0.3871,102.8,285,110.1,205,0.3138,253,47.8,317,50.9,149,18.1,272,17.3,131,35.7,33,29.4,130,27.9,343,44.4,347,47.0,331,49.7,90,32.9,236,35.3,262,33.9,296,37.5,114,65.4,288,-14.1,284
254,Pepperdine,,WCC,32,9-23,9,23,0.2812,105.6,234,113.2,268,0.3098,254,47.6,322,54.2,304,18.3,286,16.5,183,29.1,233,34.0,318,33.8,218,28.5,35,48.0,308,54.9,308,31.4,308,35.5,275,39.2,185,40.3,214,68.4,126,-15.1,301
255,Abilene Christian,,WAC,33,14-19,14,19,0.4242,99.9,327,107.1,139,0.3096,255,47.5,327,56.5,352,20.8,355,23.4,2,31.0,166,29.1,110,41.7,38,53.5,365,48.0,308,54.4,287,31.0,318,40.9,365,32.8,318,30.0,5,67.4,178,-12.7,255
256,Vermont,,AE,34,22-12,22,12,0.6471,104.8,251,112.4,254,0.3081,256,53.1,98,50.4,124,14.3,30,14.8,302,26.2,315,23.0,2,31.1,281,36.4,222,55.7,46,48.6,53,33.3,208,35.3,262,44.6,76,41.2,243,64.7,316,-9.4,190
257,UNC Asheville,,BSth,32,15-17,15,17,0.4688,103.8,266,111.3,226,0.308,257,51.0,191,51.3,177,17.4,225,15.5,251,29.8,205,31.3,212,40.0,61,38.7,274,50.1,250,52.8,227,35.1,107,32.6,91,33.6,307,38.4,148,64.8,312,-12.7,254
258,Fairfield,,MAAC,34,21-13,21,13,0.6176,105.4,237,113.1,264,0.3073,258,48.8,294,51.0,157,15.3,82,16.8,167,35.8,30,29.1,110,27.7,344,30.4,67,48.2,303,50.8,128,33.2,214,34.3,200,35.4,263,35.9,74,67.1,200,-9.9,204
259,East Carolina,,Amer,31,11-20,11,20,0.3548,103.6,270,111.3,225,0.3054,259,46.4,346,52.3,228,17.1,208,16.2,211,33.4,82,32.5,281,39.2,74,32.2,107,47.5,321,52.2,202,29.3,350,34.9,241,31.1,337,38.8,158,68.7,109,-13.8,280
260,Idaho St.,,BSky,33,13-20,13,20,0.3939,108.8,168,117.0,314,0.3034,260,51.8,155,54.5,315,17.0,200,14.7,306,32.8,96,27.9,63,37.9,106,38.0,261,52.9,133,56.1,328,33.6,193,34.5,217,41.9,134,37.0,103,65.2,294,-14.1,283
261,SIU Edwardsville,,OVC,32,19-13,19,13,0.5938,98.9,336,106.3,124,0.3024,261,49.5,265,45.6,7,17.9,262,17.0,155,30.1,194,31.6,229,30.6,291,34.3,157,47.8,313,45.8,12,35.0,113,30.2,10,36.2,242,38.4,148,64.4,326,-10.6,219
262,Southern Utah,,WAC,32,10-22,10,22,0.3125,106.4,218,114.5,294,0.2999,262,50.7,203,53.2,273,20.3,352,14.8,302,28.8,238,33.6,309,33.1,234,29.8,56,51.4,198,51.7,178,33.0,229,38.0,356,35.5,261,29.5,3,70.4,33,-15.6,312
263,Tennessee Martin,,OVC,33,22-11,22,11,0.6667,98.0,342,105.5,108,0.2983,263,48.7,296,46.1,11,21.4,358,20.0,24,37.0,16,32.0,251,37.4,120,35.8,202,51.5,192,46.7,24,30.3,337,30.2,10,47.1,31,39.5,183,64.3,329,-8.0,154
264,Elon,,CAA,32,14-18,14,18,0.4375,108.0,181,116.4,309,0.2975,264,52.2,133,54.0,299,15.9,122,16.4,191,32.2,117,33.5,308,33.5,223,34.6,164,52.8,138,53.3,247,34.3,158,36.5,325,43.2,105,44.5,329,66.8,214,-13.2,266
265,Purdue Fort Wayne,,Horz,32,17-15,17,15,0.5312,104.9,247,113.3,270,0.2921,265,52.6,119,56.1,345,14.5,39,19.1,45,22.9,350,34.5,325,30.6,291,28.5,35,53.7,93,55.5,317,34.2,162,37.9,354,45.3,59,44.1,322,67.7,164,-9.3,186
266,Sacramento St.,,BSky,31,10-21,10,21,0.3226,105.5,235,114.1,288,0.2899,266,47.0,336,55.0,329,14.1,25,17.1,140,25.2,334,33.4,306,41.2,44,36.2,210,46.6,337,56.8,340,31.9,284,35.2,257,35.6,259,43.7,313,71.7,13,-14.7,293
267,North Dakota,,Sum,35,18-17,18,17,0.5143,106.7,210,115.4,302,0.2896,267,49.4,272,56.5,352,14.1,25,19.4,36,27.4,285,32.4,275,37.8,108,43.8,343,49.7,266,57.2,345,32.7,243,37.1,345,40.6,155,42.9,293,67.3,185,-11.3,229
268,Wofford,,SC,32,19-13,19,13,0.5938,108.2,179,117.1,315,0.2875,268,52.5,125,53.8,292,13.4,12,14.9,294,29.8,205,29.0,100,36.2,148,36.8,229,52.5,150,53.4,250,35.0,113,36.4,322,43.1,106,38.0,129,67.8,152,-9.5,194
269,Longwood,,BSth,32,16-16,16,16,0.5,103.0,284,111.7,235,0.283,269,49.7,247,53.8,292,19.1,323,19.8,29,34.6,57,27.7,55,41.3,43,42.1,323,51.1,209,56.1,328,31.4,308,33.8,171,34.8,278,42.6,282,68.5,117,-12.7,257
270,UTEP,,CUSA,31,11-20,11,20,0.3548,101.1,307,109.7,196,0.2822,270,48.3,307,51.5,187,17.4,225,18.0,98,26.2,315,32.8,292,33.4,228,42.0,321,46.5,341,51.9,188,33.9,177,34.0,184,40.3,163,37.5,114,65.2,293,-14.8,295
271,Dartmouth,,Ivy,27,11-16,11,16,0.4074,104.6,252,113.4,273,0.2819,271,51.8,155,52.7,249,17.6,242,13.8,341,23.7,347,29.7,144,38.0,104,30.7,76,49.4,273,53.2,244,36.1,49,34.6,223,48.7,21,39.2,174,69.5,68,-11.6,236
272,Lindenwood,,OVC,33,18-15,18,15,0.5455,100.2,322,108.7,171,0.2809,272,48.0,312,49.1,74,18.7,308,18.4,77,33.2,86,31.8,243,38.6,90,37.4,248,49.6,271,49.4,79,29.4,347,32.4,83,30.7,344,32.9,18,72.4,8,-11.2,228
273,Milwaukee,,Horz,32,12-20,12,20,0.375,106.0,228,115.2,300,0.2781,273,49.9,238,55.5,340,15.2,73,15.8,231,33.0,92,29.2,119,32.1,257,35.9,205,50.8,218,56.0,325,32.3,264,36.5,325,38.1,209,40.2,209,67.6,167,-13.6,273
274,Incarnate Word,,Slnd,31,12-19,12,19,0.3871,108.5,173,118.0,332,0.2758,274,50.2,227,54.5,315,17.2,216,15.7,238,32.1,120,32.0,251,34.0,210,41.6,317,47.7,316,56.0,325,36.1,49,34.4,210,39.1,189,35.4,59,65.5,284,-13.8,278
275,Loyola Chicago,,A10,33,9-24,9,24,0.2727,103.2,280,112.3,248,0.2749,275,49.8,242,52.0,210,19.8,342,12.9,357,30.5,180,29.7,144,34.8,187,33.6,142,51.9,170,49.5,81,31.7,289,36.8,340,47.7,29,44.3,325,65.8,268,-16.0,315
276,Delaware,,CUSA,31,10-21,10,21,0.3226,105.6,233,115.1,298,0.2724,276,53.3,87,51.5,187,18.2,282,14.0,334,20.8,362,31.1,204,30.6,291,30.2,61,51.7,182,50.6,120,36.8,29,35.1,251,46.2,43,43.4,310,63.1,355,-16.1,316
277,South Dakota,,Sum,32,16-16,16,16,0.5,104.4,258,113.9,280,0.2687,277,49.9,238,54.5,315,16.6,171,15.9,228,28.7,243,30.3,173,45.2,6,31.0,83,50.7,223,55.7,320,32.3,264,34.5,217,35.9,253,30.0,5,70.0,48,-11.6,235
278,Mount St. Mary's,,MAAC,32,15-17,15,17,0.4688,99.2,333,108.3,162,0.267,278,50.6,208,47.2,23,22.4,364,15.3,263,32.3,112,29.1,110,33.3,230,37.3,246,51.8,179,46.2,16,32.7,243,32.3,75,42.6,123,44.9,331,67.8,157,-12.5,251
279,Ball St.,,MAC,31,12-19,12,19,0.3871,99.0,335,108.3,164,0.264,279,47.0,336,52.7,249,16.2,150,18.7,59,27.1,292,31.0,200,31.6,267,32.1,104,47.0,331,53.0,238,31.4,308,34.8,234,39.4,183,41.2,243,63.7,343,-14.6,289
280,Western Michigan,,MAC,31,10-21,10,21,0.3226,107.1,199,117.5,325,0.2572,280,49.9,238,54.4,311,16.9,190,13.4,346,30.5,180,29.1,110,32.8,240,37.5,250,48.1,305,54.5,297,35.3,93,36.1,308,36.1,245,43.7,313,67.8,156,-15.4,308
281,Prairie View A&M,,SWAC,35,18-17,18,17,0.5143,101.4,303,111.4,227,0.2537,281,47.9,314,50.4,124,16.0,134,19.1,45,27.1,292,34.8,333,42.8,24,43.9,344,47.0,331,49.4,79,33.2,214,35.0,247,30.9,341,32.7,17,70.9,25,-12.6,252
282,Presbyterian,,BSth,33,15-18,15,18,0.4545,102.5,290,112.5,255,0.2536,282,51.0,191,51.2,168,19.3,331,15.7,238,33.1,89,30.6,185,39.3,72,37.1,237,52.3,155,50.6,120,31.6,299,34.7,229,28.0,360,36.3,87,64.2,333,-13.7,277
283,Lehigh,,Pat,34,18-16,18,16,0.5294,102.6,289,112.8,262,0.2517,283,53.3,87,50.6,134,17.5,234,16.3,203,22.8,351,31.7,236,32.2,256,32.8,123,52.4,153,51.2,153,36.5,38,32.8,104,38.2,206,32.2,12,66.9,211,-12.0,244
284,Mercyhurst,,NEC,34,17-17,17,17,0.5,101.3,305,111.5,228,0.2501,284,49.5,265,50.1,105,14.3,30,18.7,59,26.4,311,29.9,151,25.6,363,42.6,331,50.0,252,51.0,137,32.1,274,32.3,75,31.1,337,33.6,25,64.6,322,-13.3,267
285,Jacksonville,,ASun,32,12-20,12,20,0.375,103.4,276,113.8,279,0.2487,285,50.0,233,54.8,324,17.2,216,15.0,286,31.7,135,29.1,110,32.8,240,42.7,335,51.5,192,55.0,309,31.7,289,36.3,315,37.4,223,35.2,53,63.5,347,-14.9,297
286,Louisiana-Lafayette,,SB,33,11-22,11,22,0.3333,101.6,302,111.8,236,0.2484,286,47.1,333,52.6,242,16.8,183,18.3,83,28.3,254,32.3,270,28.7,334,45.8,352,44.8,356,52.2,202,33.6,193,35.6,284,40.5,157,36.2,83,63.3,353,-17.0,329
287,Arkansas Pine Bluff,,SWAC,32,13-19,13,19,0.4062,104.9,248,115.8,306,0.2429,287,50.0,233,52.6,242,18.7,308,16.5,183,27.9,270,34.2,320,38.4,93,43.6,341,49.8,262,54.4,287,33.6,193,33.2,133,37.2,226,37.3,110,69.3,80,-12.9,260
288,UNC Greensboro,,SC,34,15-19,15,19,0.4412,107.8,185,119.1,343,0.2426,288,52.0,144,56.2,347,15.0,58,13.7,342,28.1,261,29.0,100,42.0,34,30.6,73,51.0,213,55.6,318,35.6,79,38.0,356,40.2,165,46.6,349,67.7,165,-15.2,302
289,Brown,,Ivy,27,9-18,9,18,0.3333,97.8,343,108.0,155,0.2424,289,48.6,299,51.3,177,19.5,336,18.7,59,29.0,235,30.0,156,28.1,340,37.6,252,50.4,241,52.2,202,30.3,337,33.5,150,36.3,241,43.0,296,66.7,222,-14.5,287
290,Morehead State,,OVC,33,20-13,20,13,0.6061,106.4,216,117.7,327,0.2388,290,49.2,282,50.2,113,18.0,268,15.4,258,35.8,30,35.8,351,37.7,112,35.6,197,49.7,266,49.1,67,32.0,278,34.5,217,30.5,349,39.0,163,65.3,289,-9.1,181
291,IU Indy,,Horz,32,7-25,7,25,0.2188,106.2,224,117.5,324,0.2379,291,52.2,133,58.2,362,15.9,122,19.2,42,28.7,243,35.6,348,21.7,365,46.6,356,54.8,63,58.4,354,32.4,258,38.5,361,42.1,133,35.7,64,73.7,2,-20.0,355
292,Florida A&M,,SWAC,31,15-16,15,16,0.4839,98.8,337,109.4,191,0.2371,292,49.2,282,51.2,168,21.5,359,19.1,45,30.9,172,30.9,196,37.4,120,39.6,294,49.4,273,50.6,120,32.6,248,34.9,241,37.7,219,34.4,38,68.0,141,-11.8,239
293,Northeastern,,CAA,31,7-24,7,24,0.2258,107.0,202,118.5,338,0.235,293,52.4,126,56.4,350,16.4,157,16.8,167,27.3,286,30.2,169,29.4,322,41.9,319,53.6,97,57.8,350,33.7,188,35.8,294,37.8,216,35.2,53,69.7,60,-19.2,350
294,East Texas A&M,,Slnd,32,11-21,11,21,0.3438,100.6,316,111.5,229,0.2348,294,49.2,282,52.9,258,19.2,328,17.0,155,25.7,328,32.8,292,32.0,259,34.5,162,51.2,204,51.0,137,31.3,313,37.3,347,46.2,43,38.0,129,68.4,124,-15.0,300
295,West Georgia,,ASun,32,15-17,15,17,0.4688,102.1,294,113.2,267,0.2338,295,49.6,257,53.4,279,15.9,122,14.7,306,31.5,141,29.0,100,29.2,327,36.9,231,49.6,271,55.7,320,33.1,222,33.1,126,33.0,316,37.4,111,69.1,89,-12.5,250
296,Southeastern Louisiana,,Slnd,31,9-22,9,22,0.2903,99.4,331,110.2,208,0.2338,296,46.7,342,52.4,234,18.4,290,19.1,45,28.6,246,31.4,219,40.3,57,41.2,314,49.4,273,51.4,159,28.4,360,36.0,299,39.5,181,37.9,124,65.4,286,-16.5,322
297,Sacred Heart,,MAAC,33,14-19,14,19,0.4242,106.8,208,118.6,339,0.2314,297,52.0,144,53.5,283,17.7,250,14.5,318,28.6,246,30.9,196,31.0,284,27.0,22,50.4,241,54.4,287,35.7,73,34.8,234,50.7,11,43.5,312,68.4,123,-15.2,305
298,Bellarmine,,ASun,32,13-19,13,19,0.4062,115.0,80,127.8,365,0.2285,298,59.4,4,59.4,365,15.5,101,15.0,286,22.4,353,34.2,320,35.0,178,34.3,157,61.0,3,58.1,352,38.1,17,40.4,364,41.2,145,50.5,362,64.6,321,-14.4,286
299,Eastern Kentucky,,ASun,32,11-21,11,21,0.3438,108.6,172,120.9,352,0.2251,299,52.1,141,56.1,345,16.9,190,14.8,302,32.5,102,31.7,236,30.7,287,38.5,270,51.6,186,57.4,348,35.0,113,36.2,310,50.8,9,41.6,260,67.2,187,-16.5,323
300,Grambling State,,SWAC,33,14-19,14,19,0.4242,96.3,349,107.3,143,0.2245,300,48.8,294,50.0,98,21.2,357,20.8,15,30.3,187,32.5,281,41.1,47,40.0,298,48.9,285,50.5,117,32.3,264,32.7,97,38.1,209,35.2,53,67.5,175,-14.9,296
301,Oral Roberts,,Sum,33,10-23,10,23,0.303,102.3,293,114.0,284,0.2234,301,49.7,247,53.6,285,18.5,295,14.7,306,28.4,252,31.8,243,34.8,187,39.1,286,51.1,209,52.2,202,32.0,278,37.4,348,45.6,54,36.6,90,67.7,162,-17.6,336
302,Evansville,,MVC,32,7-25,7,25,0.2188,102.3,292,114.3,290,0.2191,302,49.3,276,55.1,332,19.1,323,15.4,258,22.0,355,30.2,169,29.8,315,31.4,89,49.9,256,54.0,275,32.2,268,37.6,350,43.1,106,43.2,300,67.0,209,-17.7,339
303,USC Upstate,,BSth,32,13-19,13,19,0.4062,99.1,334,110.8,219,0.2164,303,48.3,307,51.0,157,18.2,282,16.4,191,29.2,229,31.4,219,32.8,240,36.0,207,48.9,285,49.5,81,31.4,308,35.6,284,35.6,259,36.1,81,67.6,171,-14.3,285
304,Hampton,,CAA,32,13-19,13,19,0.4062,100.6,315,112.6,259,0.2152,304,45.7,352,52.0,210,17.0,200,17.2,134,32.9,94,30.0,156,39.2,74,46.5,355,47.1,330,54.0,275,28.8,357,32.1,67,37.1,228,33.6,25,65.4,287,-14.6,290
305,Northwestern State,,Slnd,32,10-22,10,22,0.3125,100.7,313,112.7,261,0.2141,305,48.6,299,53.0,265,18.3,286,16.9,161,26.1,320,32.6,287,40.1,59,36.3,217,48.0,308,52.9,232,33.2,214,35.5,275,33.9,296,37.9,124,64.8,313,-16.3,317
306,Texas Southern,,SWAC,30,12-18,12,18,0.4,102.1,295,114.3,291,0.2141,306,49.7,247,52.5,237,18.5,295,16.5,183,28.8,238,31.2,209,38.2,99,44.0,345,49.8,262,53.5,252,33.1,222,34.1,189,32.5,323,43.2,300,68.7,108,-13.0,262
307,Alabama A&M,,SWAC,33,18-15,18,15,0.5455,104.3,259,116.8,313,0.2136,307,49.2,282,52.1,218,16.5,161,16.6,177,27.5,280,29.5,134,45.4,5,38.6,272,47.5,321,51.5,163,35.0,113,35.4,267,34.0,292,36.5,89,65.2,296,-11.6,238
308,Alabama State,,SWAC,32,10-22,10,22,0.3125,99.7,329,111.7,233,0.2121,308,47.1,333,52.2,221,18.3,286,18.7,59,31.9,127,31.5,223,34.9,183,42.3,327,46.8,334,52.8,227,31.8,285,34.2,195,38.5,200,40.4,219,69.3,79,-16.6,324
309,Houston Christian,,Slnd,32,12-20,12,20,0.375,101.6,300,113.9,282,0.2119,309,49.7,247,54.2,304,18.9,314,17.6,119,29.9,202,32.5,281,36.0,156,30.7,76,50.9,217,55.3,313,31.7,289,35.0,247,36.5,238,37.4,111,64.1,336,-14.9,299
310,Stetson,,ASun,33,12-21,12,21,0.3636,105.1,244,117.9,328,0.2117,310,53.1,98,55.2,335,18.1,272,15.1,275,26.6,307,31.8,243,32.4,251,30.4,67,52.5,150,57.6,349,36.0,56,34.6,223,44.7,74,41.1,242,66.8,220,-15.9,314
311,North Carolina A&T,,CAA,30,11-19,11,19,0.3667,104.4,257,117.2,318,0.2095,311,50.7,203,52.9,258,18.6,301,14.1,330,31.7,135,28.6,90,42.3,31,37.5,250,52.3,155,51.7,178,31.6,299,36.6,332,32.7,320,38.1,134,68.5,118,-15.2,304
312,Central Connecticut,,NEC,30,18-12,18,12,0.6,104.5,254,117.5,323,0.2065,312,51.6,170,50.2,113,16.2,150,14.0,334,27.5,280,30.4,180,31.2,278,26.9,21,50.5,232,50.3,110,35.8,69,33.4,143,34.9,275,39.3,178,64.8,309,-9.4,191
313,Chattanooga,,SC,32,13-19,13,19,0.4062,105.3,240,118.4,336,0.2065,313,54.2,61,51.7,194,14.4,36,13.2,351,21.8,358,31.7,236,29.7,317,42.6,331,55.8,44,52.1,199,35.0,113,34.2,195,49.2,18,44.2,324,67.0,202,-15.4,307
314,Cleveland State,,Horz,33,11-22,11,22,0.3333,109.7,151,123.6,362,0.2027,314,54.2,61,57.2,360,17.8,255,15.1,275,27.0,295,36.6,355,37.9,106,35.5,193,52.0,167,59.5,362,37.5,21,36.2,310,50.8,9,44.0,319,69.6,64,-16.9,328
315,Le Moyne,,NEC,32,15-17,15,17,0.4688,100.7,312,113.5,274,0.2027,315,52.7,114,49.3,78,19.1,323,15.0,286,25.2,334,29.1,110,39.5,68,32.7,117,53.5,105,46.1,14,34.3,158,36.0,299,40.8,151,39.7,193,69.5,73,-13.8,279
316,Georgia State,,SB,32,10-22,10,22,0.3125,99.4,332,112.0,241,0.2006,316,44.2,362,50.6,134,15.9,122,16.4,191,27.7,276,33.6,309,37.2,127,34.9,172,42.9,365,51.2,153,30.6,328,33.1,126,42.4,127,39.0,163,67.9,146,-17.7,340
317,Wagner,,NEC,31,14-17,14,17,0.4516,102.0,296,115.2,299,0.1986,317,49.6,257,50.4,124,18.5,295,14.9,294,32.8,96,29.6,138,32.3,254,40.8,308,46.6,337,49.9,97,36.6,36,34.3,200,36.1,245,35.8,67,65.5,282,-13.5,272
318,Northern Arizona,,BSky,32,10-22,10,22,0.3125,105.7,232,119.3,345,0.1983,318,51.7,162,56.9,355,16.0,134,16.6,177,23.3,348,33.4,306,31.8,261,32.7,117,50.7,223,56.1,328,35.6,79,38.7,362,36.7,236,40.0,204,63.8,342,-16.7,325
319,Albany,,AE,32,11-21,11,21,0.3438,103.5,274,117.9,330,0.1818,319,51.3,181,53.2,273,18.5,295,15.8,231,32.7,98,32.4,275,24.9,364,35.7,199,52.8,138,52.7,223,32.6,248,36.0,299,37.6,220,40.6,224,65.3,291,-17.4,332
320,UMass Lowell,,AE,33,15-18,15,18,0.4545,102.7,286,117.1,317,0.1801,320,49.8,242,53.5,283,18.0,268,14.2,329,32.7,98,29.4,130,34.9,183,28.3,34,50.5,232,54.4,287,32.2,268,34.6,223,31.3,335,35.0,47,69.3,77,-13.7,275
321,Lafayette,,Pat,32,11-21,11,21,0.3438,100.4,320,115.4,301,0.1686,321,49.3,276,53.6,285,15.3,82,15.1,275,25.8,325,28.6,90,32.4,251,30.6,73,50.0,252,53.4,250,32.2,268,36.0,299,39.8,171,38.0,129,66.8,219,-17.1,331
322,NJIT,,AE,33,16-17,16,17,0.4848,97.4,344,112.1,242,0.1655,322,46.7,342,50.0,98,17.1,208,16.2,211,26.2,315,32.1,258,33.2,233,37.9,259,47.5,321,51.1,147,30.4,334,32.3,75,40.1,167,40.7,228,68.0,137,-12.4,248
323,Tennessee Tech,,OVC,31,13-18,13,18,0.4194,101.8,298,117.2,319,0.1642,323,48.9,290,51.5,187,19.1,323,15.1,275,31.3,150,30.7,188,35.5,166,31.3,87,50.1,250,50.3,110,31.1,315,35.8,294,36.5,238,36.1,81,67.0,203,-14.6,288
324,Loyola (MD),,Pat,32,12-20,12,20,0.375,103.5,273,119.5,346,0.1618,324,50.4,221,54.7,320,15.5,101,15.3,263,27.6,279,29.0,100,29.9,314,32.7,117,51.9,170,58.3,353,32.6,248,32.8,104,47.2,30,39.6,190,68.2,133,-16.8,327
325,Cal State Bakersfield,,BW,32,8-24,8,24,0.25,101.7,299,117.3,320,0.1618,325,45.7,352,54.0,299,18.9,314,17.9,102,30.4,182,35.6,348,42.2,32,42.6,331,46.6,337,53.9,272,29.0,353,36.0,299,28.9,356,39.0,163,70.0,41,-18.1,342
326,Bucknell,,Pat,33,10-23,10,23,0.303,98.8,339,114.1,289,0.1606,326,48.5,303,54.7,320,19.0,319,17.9,102,27.0,295,31.3,212,29.8,315,35.3,185,50.4,241,54.1,279,30.6,328,37.0,344,42.7,120,45.7,341,67.1,201,-18.2,344
327,Little Rock,,OVC,32,12-20,12,20,0.375,101.1,308,116.8,312,0.1598,327,49.4,272,51.8,201,18.4,290,18.5,69,31.5,141,36.6,355,27.7,344,33.1,131,47.9,311,51.9,188,35.3,93,34.4,210,31.0,339,40.3,214,66.5,228,-16.4,319
328,North Florida,,ASun,32,7-25,7,25,0.2188,107.0,203,123.8,363,0.1566,328,52.9,109,56.3,348,17.9,262,12.7,361,25.2,334,37.6,361,28.8,333,31.4,89,53.4,107,58.7,358,35.0,113,35.1,251,51.7,7,39.0,163,70.5,30,-19.0,348
329,New Haven,,NEC,31,14-17,14,17,0.4516,96.0,350,111.6,231,0.1504,329,48.7,296,51.8,201,17.8,255,17.1,140,21.5,359,26.8,29,31.7,265,27.7,29,51.0,213,52.1,199,30.2,340,34.3,200,39.8,171,38.4,148,63.4,350,-13.1,264
330,Eastern Illinois,,OVC,33,13-20,13,20,0.3939,96.7,347,112.6,258,0.1472,330,45.7,352,50.8,143,18.6,301,19.3,39,28.2,259,35.2,342,33.5,223,35.3,185,44.9,354,53.1,240,31.7,289,31.7,53,29.9,352,41.2,243,65.6,276,-15.2,303
331,Norfolk State,,MEAC,32,15-17,15,17,0.4688,101.2,306,118.3,335,0.1418,331,49.3,276,51.7,194,18.7,308,18.8,56,32.5,102,32.3,270,43.5,16,45.3,350,48.4,301,54.4,287,34.2,162,32.0,65,30.6,348,41.6,260,68.1,136,-13.4,269
332,Jackson St.,,SWAC,33,12-21,12,21,0.3636,101.0,311,118.2,334,0.1398,332,45.7,352,53.0,265,19.4,333,16.5,183,29.7,214,37.2,359,37.4,120,41.9,319,44.6,358,53.5,252,31.4,308,34.8,234,43.3,104,39.7,193,69.6,67,-13.9,281
333,Holy Cross,,Pat,33,11-22,11,22,0.3333,100.7,314,117.9,329,0.1398,333,49.8,242,54.8,324,15.3,82,14.1,330,21.9,357,27.0,37,31.5,269,27.6,28,50.4,241,57.2,345,32.5,254,34.0,184,37.3,224,39.0,163,65.4,285,-18.2,343
334,Manhattan,,MAAC,32,12-20,12,20,0.375,103.6,272,121.7,355,0.1357,334,47.9,314,53.9,295,15.6,108,16.7,172,28.6,246,37.0,358,34.0,210,25.7,11,47.8,313,53.3,247,32.0,278,36.6,332,37.1,228,38.0,129,68.0,142,-16.3,318
335,Niagara,,MAAC,30,8-22,8,22,0.2667,99.9,326,117.3,321,0.1355,335,50.5,216,52.8,257,18.9,314,16.6,177,24.8,343,32.9,299,26.6,355,33.8,144,50.5,232,52.7,223,33.7,188,35.3,262,40.5,157,40.4,219,62.2,364,-18.3,345
336,UTSA,,Amer,30,5-25,5,25,0.1667,100.5,319,118.2,333,0.1344,336,44.8,360,53.3,277,17.5,234,14.7,306,30.2,192,38.7,363,29.5,320,33.3,135,45.5,353,53.8,268,29.2,351,35.1,251,41.3,143,43.3,306,68.6,114,-18.7,347
337,Stonehill,,NEC,33,12-21,12,21,0.3636,92.0,362,108.4,166,0.132,337,46.9,339,47.8,37,19.4,333,13.4,346,27.5,280,27.1,42,27.3,349,30.3,63,46.5,341,46.7,24,31.7,289,33.4,143,40.5,157,32.4,14,66.4,234,-17.6,335
338,North Alabama,,ASun,30,9-21,9,21,0.3,99.9,325,118.0,331,0.1281,338,48.0,312,55.2,335,17.5,234,14.5,318,31.2,156,32.2,265,37.6,115,30.3,63,49.1,280,56.5,338,30.7,326,35.7,291,33.7,301,43.3,306,64.8,310,-17.1,330
339,Fairleigh Dickinson,,NEC,32,11-21,11,21,0.3438,100.6,317,119.0,341,0.1265,339,47.1,333,55.2,335,18.1,272,16.1,218,32.0,123,27.3,47,32.8,240,36.3,217,48.6,293,54.1,279,30.3,337,37.8,353,45.2,62,40.5,222,64.1,338,-16.7,326
340,Chicago St.,,NEC,32,7-25,7,25,0.2188,99.9,324,118.7,340,0.1212,340,45.3,358,56.7,354,15.6,108,20.1,21,28.3,254,35.0,339,30.0,310,38.0,261,44.0,359,60.0,364,32.1,274,35.6,284,30.9,341,50.8,363,65.6,275,-19.3,351
341,Northern Illinois,,MAC,30,9-21,9,21,0.3,95.7,353,113.7,277,0.121,341,47.6,322,55.6,342,21.8,360,16.3,203,30.3,187,30.0,156,38.3,96,38.3,265,48.5,298,56.3,333,30.9,321,36.3,315,45.0,66,37.7,121,67.5,177,-15.4,309
342,Army,,Pat,32,11-21,11,21,0.3438,99.7,328,118.5,337,0.1208,342,49.3,276,55.1,332,17.2,216,15.4,258,29.6,218,27.7,55,26.8,354,39.6,294,50.7,223,56.4,337,32.0,278,35.6,284,53.3,3,41.7,264,67.2,192,-17.4,333
343,Air Force,,MWC,32,3-29,3,29,0.0938,95.9,352,114.0,283,0.12,343,48.9,290,56.4,350,21.9,361,15.1,275,21.4,360,31.3,212,35.1,175,36.6,227,51.1,209,56.3,333,30.6,328,37.6,350,41.8,136,38.8,158,66.3,237,-20.3,356
344,Alcorn St.,,SWAC,32,9-23,9,23,0.2812,97.2,345,115.7,304,0.119,344,47.7,321,55.0,329,19.6,338,18.1,92,26.9,300,35.5,346,31.8,261,39.4,292,46.5,341,58.0,351,33.3,208,33.0,117,33.7,301,35.1,51,67.9,144,-16.4,321
345,Canisius,,MAAC,31,10-21,10,21,0.3226,95.6,355,114.0,286,0.1164,345,46.3,348,52.2,221,19.6,338,16.0,225,29.3,226,29.8,147,31.4,270,35.2,181,44.0,359,54.3,285,33.3,208,33.0,117,39.5,181,44.0,319,64.1,337,-17.6,337
346,Southern Indiana,,OVC,30,7-23,7,23,0.2333,95.9,351,114.5,295,0.1151,346,43.7,363,49.4,80,17.2,216,16.4,191,31.4,144,33.8,315,37.2,127,36.2,210,43.0,364,48.7,57,29.9,344,34.1,189,39.7,175,27.1,1,67.7,163,-20.4,357
347,The Citadel,,SC,33,11-22,11,22,0.3333,100.0,323,120.6,349,0.1037,347,49.5,265,57.5,361,16.3,154,14.7,306,27.9,270,31.5,223,30.0,310,33.3,135,51.0,213,59.6,363,32.0,278,36.6,332,47.8,28,44.1,322,64.2,335,-18.5,346
348,Louisiana Monroe,,SB,32,4-28,4,28,0.125,101.1,309,122.3,357,0.1008,348,47.8,317,57.1,358,16.9,190,15.7,238,25.1,339,35.4,345,38.8,85,27.7,29,47.4,326,58.4,354,32.2,268,36.9,343,41.9,134,42.3,277,70.3,36,-23.2,363
349,Maine,,AE,32,8-24,8,24,0.25,92.3,361,111.9,237,0.0984,349,49.6,257,50.6,134,19.1,323,19.4,36,19.7,364,34.3,322,38.4,93,33.9,146,51.2,204,54.5,297,31.2,314,29.3,4,37.0,231,36.8,92,64.7,314,-20.6,359
350,New Hampshire,,AE,30,9-21,9,21,0.3,95.6,354,116.2,308,0.0959,350,46.7,342,53.4,279,16.5,161,15.8,231,25.7,328,26.9,31,28.5,338,35.8,202,47.4,326,54.6,301,30.5,332,34.3,200,43.1,106,36.9,99,67.4,180,-16.4,320
351,Saint Francis,,NEC,31,7-24,7,24,0.2258,100.6,318,122.4,358,0.0941,351,48.9,290,58.9,364,18.4,290,18.4,77,27.5,280,33.1,303,30.8,285,38.3,265,47.5,321,60.1,365,34.2,162,38.1,358,37.8,216,40.9,235,70.0,46,-19.4,352
352,NC Central,,MEAC,32,14-18,14,18,0.4375,100.2,321,123.0,359,0.0867,352,47.5,327,54.5,315,18.1,272,19.9,27,30.0,197,39.4,364,39.3,72,36.9,231,46.7,335,54.5,297,32.6,248,36.4,322,33.9,296,40.6,224,65.7,270,-13.1,265
353,South Carolina St.,,MEAC,32,10-22,10,22,0.3125,95.4,356,117.4,322,0.0847,353,46.8,341,53.9,295,20.8,355,18.8,56,31.4,144,37.6,361,41.1,47,51.9,364,44.8,356,56.3,333,34.0,171,33.5,150,33.3,312,38.9,162,68.8,103,-17.4,334
354,Morgan St.,,MEAC,30,14-16,14,16,0.4667,98.8,338,121.6,354,0.0846,354,45.8,351,51.7,194,17.8,255,16.5,183,30.7,176,35.2,342,42.7,25,50.9,363,44.9,354,53.7,260,31.7,289,31.5,47,35.2,268,31.9,10,70.5,31,-13.1,263
355,Bryant,,AE,31,9-22,9,22,0.2903,96.7,346,120.1,348,0.0761,355,46.9,339,52.7,249,20.2,350,14.6,314,27.7,276,31.0,200,29.4,322,33.5,139,48.7,290,51.8,185,30.0,342,36.3,315,47.9,26,35.8,67,64.2,331,-17.9,341
356,Maryland Eastern Shore,,MEAC,32,9-23,9,23,0.2812,93.1,359,116.4,310,0.0712,356,47.8,317,50.7,139,23.8,365,17.9,102,32.4,109,33.6,309,29.5,320,43.0,339,49.9,256,51.1,147,29.0,353,33.5,150,33.5,309,39.7,193,63.3,354,-17.7,338
357,Binghamton,,AE,31,8-23,8,23,0.2581,98.4,341,123.0,360,0.0711,357,50.0,233,54.3,308,18.8,312,13.3,349,20.9,361,29.4,130,41.5,42,34.6,164,50.6,229,54.7,304,32.5,254,35.8,294,30.9,341,39.2,174,65.5,280,-20.4,358
358,Rider,,MAAC,29,4-25,4,25,0.1379,96.4,348,120.6,350,0.0705,358,42.8,365,55.2,335,16.9,190,15.3,263,32.6,100,32.8,292,30.1,308,32.5,110,43.3,362,54.0,275,27.7,365,37.9,354,27.5,361,39.9,201,65.7,274,-19.7,353
359,UMKC,,Sum,31,4-27,4,27,0.129,93.2,358,117.5,326,0.0652,359,45.7,352,56.3,348,18.2,282,16.4,191,26.4,311,35.9,353,29.2,327,31.4,89,47.6,319,56.2,332,28.4,360,37.6,350,36.8,234,39.0,163,69.7,61,-21.5,360
360,VMI,,SC,32,6-26,6,26,0.1875,98.7,340,124.5,364,0.0649,360,47.6,322,57.0,357,15.3,82,15.7,238,25.6,330,37.2,359,30.6,291,34.6,164,47.9,311,58.9,359,31.5,305,36.5,325,53.6,2,46.5,348,66.8,215,-22.3,361
361,Gardner-Webb,,BSth,33,4-29,4,29,0.1212,95.4,357,122.1,356,0.0553,361,47.8,317,56.9,355,19.8,342,15.3,263,23.2,349,36.6,355,30.3,304,35.2,181,48.6,293,59.0,360,31.0,318,36.0,299,39.8,171,41.0,239,69.6,65,-23.2,364
362,Delaware St.,,MEAC,31,8-23,8,23,0.2581,88.4,365,114.5,293,0.0485,362,42.9,364,52.9,258,19.9,346,19.5,33,27.7,276,32.0,251,34.1,207,40.5,306,43.1,363,54.8,305,28.4,360,33.0,117,28.9,356,34.7,43,65.5,281,-19.7,354
363,Coppin St.,,MEAC,31,7-24,7,24,0.2258,91.7,363,119.5,347,0.0454,363,45.9,350,55.4,339,22.3,363,17.5,121,30.4,182,34.8,333,38.5,92,42.9,337,45.8,348,53.9,272,30.7,326,38.3,359,35.2,268,43.2,300,68.6,115,-19.2,349
364,Mississippi Valley St.,,SWAC,33,3-30,3,30,0.0909,91.1,364,120.9,351,0.0371,364,45.2,359,55.5,340,21.9,361,17.1,140,26.4,311,35.5,346,33.9,215,50.8,362,45.6,351,55.3,313,29.5,346,37.2,346,30.2,351,42.5,281,67.2,188,-24.8,365
365,Western Illinois,,OVC,31,5-26,5,26,0.1613,92.8,360,123.4,361,0.0366,365,44.5,361,54.2,304,17.5,234,14.9,294,27.0,295,34.8,333,37.7,112,34.8,170,43.5,361,54.6,301,30.9,321,35.6,284,33.3,312,34.6,42,66.5,226,-23.0,362
