Rk,Team,Seed,Conf,G,Rec,ConfRec,Wins,Losses,ConfWins,ConfLosses,WinPct,ConfWinPct,AdjO,Rk_AdjO,AdjD,Rk_AdjD,Barthag,Rk_Barthag,EFG%,Rk_EFG%,EFGD%,Rk_EFGD%,TOR,Rk_TOR,TORD,Rk_TORD,ORB,Rk_ORB,DRB,Rk_DRB,FTR,Rk_FTR,FTRD,Rk_FTRD,2P%,Rk_2P%,2P%D,Rk_2P%D,3P%,Rk_3P%,3P%D,Rk_3P%D,3PR,Rk_3PR,3PRD,Rk_3PRD,AdjT,Rk_AdjT,WAB,Rk_WAB
255,Abilene Christian,,WAC,33,14-19,,14,19,,,-0.1742,,-4.0,-40.0,+2.7,+63.0,-0.1345,+12.0,-0.8,-88.0,-2.9,-131.0,-0.4,-68.0,-2.7,+27.0,-9.1,+125.0,+1.0,+34.0,+16.1,-25.0,+5.7,-48.0,+3.5,-146.0,-5.7,-178.0,-6.4,-28.0,+5.1,-56.0,-0.1,-65.0,-5.7,+12.0,+4.5,-150.0,+10.4,+71.0
343,Air Force,,MWC,32,3-29,,3,29,,,-0.0938,,-16.7,-27.0,-5.8,-111.0,-0.093,-18.0,-9.1,+26.0,-5.5,-188.0,-2.8,-100.0,+1.8,-164.0,-5.2,-46.0,+4.6,+49.0,-9.2,+90.0,+7.6,+39.0,-1.1,-24.0,+2.4,-63.0,-18.8,-2.0,-13.9,-329.0,-10.3,+128.0,-5.2,-75.0,+3.1,-151.0,+19.1,-70.0
71,Akron,,MAC,34,29-5,,29,5,,,+0.1471,,-7.5,+96.0,-5.0,-35.0,-0.0343,+22.0,-0.7,+15.0,-3.6,-48.0,-1.0,+20.0,-2.1,+51.0,-3.6,+86.0,-4.4,-83.0,-2.1,-76.0,-0.6,+34.0,-3.5,+69.0,-1.3,+24.0,+1.9,+20.0,-4.3,-124.0,-0.4,+20.0,+0.9,-47.0,-2.2,+93.0,+0.66,-12.0
18,Alabama,,SEC,32,23-9,,23,9,,,-0.2188,,-2.7,+22.0,+1.2,+46.0,-0.0277,+11.0,-2.8,+77.0,+5.6,+163.0,-4.0,+6.0,+2.6,-181.0,+2.4,-25.0,-6.7,-214.0,+1.1,-16.0,-5.7,-49.0,+2.4,+8.0,+5.0,+143.0,-7.2,+157.0,+4.6,+85.0,-11.6,+117.0,-1.8,+27.0,0.0,+13.0,-6.74,+63.0
307,Alabama A&M,,SWAC,33,18-15,,18,15,,,-0.2122,,-5.6,+12.0,+4.2,-28.0,-0.1256,-12.0,-0.9,-67.0,-0.9,-43.0,-1.9,-38.0,-1.5,+6.0,+0.4,-78.0,-0.2,-5.0,+4.3,+28.0,+16.9,+40.0,-4.5,-33.0,-0.3,-15.0,+4.0,-56.0,-1.3,-98.0,+0.1,-56.0,-11.5,-71.0,+0.3,-75.0,+9.7,+79.0
308,Alabama State,,SWAC,32,10-22,,10,22,,,-0.3125,,-9.0,-24.0,-0.7,-21.0,-0.1233,-15.0,-5.6,-29.0,-8.6,-193.0,-2.0,-102.0,-3.1,+104.0,+0.2,+9.0,-5.8,-153.0,-2.4,+4.0,-0.8,-82.0,+1.7,-121.0,0.0,-47.0,-10.0,+21.0,-14.6,-190.0,+6.2,-116.0,-1.4,-49.0,+0.9,-19.0,+14.6,-2.0
319,Albany,,AE,32,11-21,,11,21,,,-0.3438,,+5.9,-108.0,+4.5,-39.0,+0.0336,-63.0,+0.8,-64.0,+0.8,-46.0,-3.7,-159.0,+0.5,-103.0,+9.8,-81.0,+5.8,+16.0,-17.9,-36.0,-6.7,-113.0,-3.9,+71.0,-3.9,-110.0,+5.9,-184.0,+6.9,-6.0,-1.0,-31.0,-6.7,-136.0,+0.3,-74.0,+16.5,-66.0
344,Alcorn St.,,SWAC,32,9-23,,9,23,,,+0.0521,,-12.4,-25.0,-9.8,-164.0,-0.0468,-38.0,-7.2,-8.0,-10.1,-285.0,-1.6,-102.0,-6.3,+187.0,-6.7,+1.0,-9.2,-267.0,+16.9,-222.0,-7.0,-164.0,-2.7,-60.0,-6.8,-203.0,-11.6,+99.0,-11.7,-109.0,-4.6,-13.0,-2.7,+15.0,+0.1,-11.0,+14.5,-3.0
242,American,,Pat,32,16-16,,16,16,,,-0.5,,+6.9,-108.0,+8.5,+38.0,-0.0234,-19.0,+5.3,-144.0,+15.4,+11.0,-2.3,-32.0,+2.4,-24.0,+13.1,-266.0,-0.8,-18.0,-13.4,-15.0,-38.3,-322.0,+15.1,-109.0,+9.6,-2.0,-9.2,+65.0,+17.1,+51.0,-10.9,+175.0,-1.2,+16.0,-2.5,+42.0,+10.7,-17.0
184,Appalachian St.,,SB,32,19-13,,19,13,,,-0.5938,,+1.7,-49.0,+23.4,+176.0,-0.3631,+105.0,-3.5,+8.0,+4.8,+160.0,-0.7,+41.0,+0.6,-136.0,-1.4,+30.0,+15.7,+222.0,+13.6,-57.0,+9.4,+153.0,-0.7,+34.0,+4.0,+118.0,-6.6,-40.0,+6.3,+168.0,-7.7,+118.0,-21.1,-245.0,+3.8,-178.0,+8.3,+59.0
3,Arizona,,B12,34,32-2,,32,2,,,+0.0588,,+6.6,+1.0,+4.6,+24.0,+0.0003,+2.0,+1.6,-4.0,+3.2,+102.0,-1.5,+20.0,-2.4,+35.0,-5.0,+112.0,+5.4,+158.0,+0.4,+40.0,-5.1,+4.0,-1.1,+53.0,+3.1,+71.0,+6.9,-37.0,+2.3,+123.0,-2.6,-45.0,-0.2,+27.0,-1.4,+64.0,-11.1,-2.0
61,Arizona State,,B12,33,17-16,,17,16,,,-0.1819,,-9.9,+133.0,-1.0,+20.0,-0.1874,+68.0,+0.3,-58.0,+0.4,-32.0,+11.6,+119.0,-4.9,+159.0,-4.2,+41.0,+1.9,-64.0,-0.6,+35.0,-2.0,-30.0,+10.8,-165.0,+2.7,+18.0,-8.4,+75.0,-1.7,-88.0,+6.0,-114.0,+3.6,+34.0,+1.8,-39.0,+1.2,-15.0
19,Arkansas,,SEC,34,26-8,,26,8,,,+0.2353,,-1.8,+21.0,-1.4,+19.0,-0.0005,+2.0,-1.7,+51.0,-0.8,-25.0,+0.3,+49.0,-2.4,+1.0,+0.9,+3.0,-4.2,-124.0,-1.5,+10.0,-3.6,-13.0,-7.3,+174.0,-2.3,-107.0,+7.4,-2.0,+0.9,+101.0,-2.4,-39.0,-4.5,-54.0,-1.2,+50.0,-5.2,-6.0
287,Arkansas Pine Bluff,,SWAC,32,13-19,,13,19,,,+0.0938,,+5.0,-92.0,-10.8,-181.0,+0.385,-163.0,+5.4,-173.0,-3.1,-107.0,-6.5,-266.0,+3.5,-142.0,-4.1,-1.0,-9.6,-261.0,-6.2,+102.0,-6.2,-142.0,+5.9,-182.0,-7.7,-218.0,+2.8,-100.0,+4.3,+91.0,-9.9,+80.0,-7.4,-64.0,-0.9,+32.0,+12.0,-27.0
146,Arkansas St.,,SB,32,20-12,,20,12,,,-0.625,,-4.9,+65.0,+7.4,+79.0,-0.2928,+100.0,-3.2,+50.0,+8.2,+169.0,-0.9,-87.0,-0.4,-92.0,+8.3,-2.0,-7.0,-17.0,-8.2,+129.0,+0.7,-25.0,-2.2,+67.0,+4.8,+109.0,-2.6,-36.0,+7.1,+152.0,+3.6,-26.0,+27.2,+169.0,-6.0,+198.0,+6.4,+110.0
41,Auburn,,SEC,33,17-16,,17,16,,,-0.1819,,-8.6,+77.0,-5.5,-46.0,-0.0268,+11.0,-2.8,+63.0,-3.9,-145.0,+0.8,+112.0,-4.2,+67.0,-6.6,+139.0,+2.7,-14.0,-11.5,+165.0,+4.3,+43.0,-3.9,+90.0,+1.7,-11.0,-0.9,-23.0,-9.5,-263.0,+3.7,-82.0,-5.6,-105.0,-0.5,-7.0,-0.36,+30.0
159,Austin Peay,,ASun,31,22-9,,22,9,,,-0.2097,,-6.6,+66.0,+2.1,+44.0,-0.2206,+66.0,-2.1,+40.0,+3.4,+26.0,+0.1,+69.0,-6.8,+196.0,+3.2,-91.0,-6.7,-65.0,+3.4,-32.0,-15.1,-116.0,+4.3,-67.0,+1.0,-49.0,-9.1,+168.0,+4.5,+96.0,-2.1,-13.0,+1.9,+2.0,-2.2,+89.0,+4.5,+100.0
33,BYU,,B12,34,23-11,,23,11,,,+0.0735,,+2.9,+6.0,-4.2,-25.0,+0.0555,-17.0,-1.6,+44.0,+3.3,+67.0,+1.3,+113.0,+5.7,-170.0,+6.1,-26.0,+4.3,+96.0,-8.3,+61.0,+1.4,+63.0,-1.6,+54.0,-1.6,-1.0,-1.2,+12.0,+6.6,+22.0,-3.7,+27.0,+2.9,+54.0,-1.0,+46.0,-3.4,-6.0
279,Ball St.,,MAC,31,12-19,,12,19,,,+0.6129,,+21.0,-277.0,-3.3,-38.0,+0.5584,-216.0,+19.4,-335.0,+1.8,-14.0,+1.6,+78.0,-0.9,+21.0,-1.2,-51.0,-1.0,-58.0,+2.9,-108.0,-5.3,-38.0,+24.9,-330.0,+6.1,+37.0,+7.7,-256.0,-9.8,-203.0,+2.4,-62.0,-19.8,-234.0,+4.2,-204.0,+14.64,-228.0
47,Baylor,,B12,32,16-16,,16,16,,,0.0,,+12.9,-18.0,+7.7,+108.0,+0.0405,-8.0,+3.8,-49.0,+13.7,+80.0,-5.3,-139.0,+7.0,-211.0,+5.6,-1.0,-1.6,-112.0,-10.6,+91.0,+2.2,+67.0,+9.0,-46.0,+16.0,+115.0,-3.1,+35.0,+6.2,+4.0,-1.0,-19.0,+0.6,+67.0,-1.3,+40.0,+1.74,+31.0
298,Bellarmine,,ASun,32,13-19,,13,19,,,-0.4062,,-2.9,+55.0,+12.1,-39.0,-0.1557,+7.0,+1.2,+7.0,+11.4,-40.0,+3.5,+157.0,+2.4,-191.0,+7.2,-185.0,-5.0,-193.0,-8.1,+79.0,-7.9,-95.0,+8.2,0.0,+8.6,-39.0,-3.5,+102.0,+9.6,-45.0,+8.8,-113.0,-1.4,-69.0,-2.0,-21.0,+13.6,-88.0
80,Belmont,,MVC,32,26-6,,26,6,,,-0.8125,,-10.7,+126.0,+24.7,+141.0,-0.6624,+210.0,-8.7,+112.0,+20.3,+231.0,-2.9,-126.0,-6.3,+172.0,-3.2,+8.0,-11.8,-110.0,-7.9,+24.0,+28.9,+242.0,-14.2,+239.0,+28.4,+276.0,-3.2,+75.0,+8.1,+96.0,+11.2,-41.0,+0.9,-62.0,+3.5,-71.0,-0.3,+184.0
224,Bethune Cookman,,SWAC,32,17-15,,17,15,,,-0.5312,,+1.4,-57.0,+9.3,+92.0,-0.1651,+31.0,-1.9,+10.0,+1.2,+73.0,+1.2,-41.0,-0.5,-56.0,-0.4,-27.0,+6.5,+55.0,+7.2,-11.0,+1.9,-34.0,+1.2,-49.0,-3.6,-37.0,-11.9,+81.0,+8.3,+160.0,-12.1,-26.0,-3.8,+20.0,-2.2,+90.0,+6.6,+148.0
56,Boise State,,MWC,32,20-12,,20,12,,,-0.125,,-3.1,+48.0,+3.2,+72.0,-0.118,+45.0,-3.1,+68.0,+3.5,+7.0,+0.6,+32.0,-3.1,-28.0,+8.3,-61.0,-0.9,+37.0,+7.8,+2.0,+1.5,+43.0,+2.5,-57.0,+7.0,+45.0,-8.1,+103.0,-1.1,-51.0,-4.6,+56.0,+3.0,+88.0,+3.2,-170.0,+1.64,+33.0
139,Boston College,,ACC,31,11-20,,11,20,,,+0.6452,,-4.2,-4.0,-10.4,-40.0,+0.1706,-45.0,-5.2,-34.0,-4.5,-22.0,-3.4,-53.0,-0.3,-96.0,-5.2,+27.0,-12.7,-85.0,+42.1,-250.0,-0.7,-14.0,+2.8,-127.0,-8.9,-71.0,-8.0,-39.0,-0.5,+81.0,+8.5,-99.0,+17.5,+158.0,+10.7,-255.0,+10.17,-157.0
245,Boston University,,Pat,34,17-17,,17,17,,,+0.1667,,+1.8,-3.0,+5.2,-46.0,-0.0626,-8.0,+0.7,+8.0,-2.8,-125.0,+1.4,+10.0,-2.6,-47.0,0.0,-69.0,+12.4,+242.0,-7.2,+8.0,+1.1,+52.0,+2.7,+2.0,+0.4,-40.0,-1.5,+71.0,-6.4,-211.0,-5.2,+67.0,-10.7,-178.0,-1.2,-50.0,+13.1,-137.0
153,Bowling Green,,MAC,32,18-14,,18,14,,,-0.0625,,+2.5,-55.0,+1.6,+54.0,+0.0242,-2.0,-1.4,+11.0,+1.1,+33.0,-2.9,-74.0,-3.3,+106.0,+1.4,-82.0,+1.5,+79.0,-0.4,+1.0,-10.5,-176.0,-1.3,+12.0,+0.7,+1.0,-1.1,-15.0,+0.9,+23.0,-4.9,-3.0,-14.5,-220.0,+1.7,-63.0,+9.0,-46.0
134,Bradley,,MVC,33,21-12,,21,12,,,-0.1364,,-1.3,+28.0,+0.6,+27.0,-0.051,+23.0,-3.4,+39.0,+5.1,+37.0,-0.6,+50.0,+2.5,-22.0,-1.9,-35.0,-4.1,-22.0,+5.8,-76.0,+0.9,-32.0,+0.2,-78.0,+3.1,+60.0,-6.5,+142.0,+7.5,-14.0,-7.3,+89.0,-11.2,-168.0,+3.1,-123.0,+5.52,-8.0
289,Brown,,Ivy,27,9-18,,9,18,,,-0.3333,,-9.9,-28.0,+9.2,+100.0,-0.2071,+29.0,+1.4,-128.0,+1.8,+32.0,+12.5,-8.0,-3.4,+116.0,+1.6,-82.0,+3.3,+54.0,+2.1,-120.0,-7.9,-155.0,+5.5,-165.0,-2.2,-73.0,-4.0,-79.0,+5.0,+90.0,-0.5,-35.0,-2.4,-97.0,+3.4,-158.0,+13.6,-41.0
355,Bryant,,AE,31,9-22,,9,22,,,-0.2903,,+0.1,-66.0,+10.1,-36.0,-0.044,-34.0,+5.7,-232.0,+13.6,+69.0,0.0,-69.0,-1.1,-81.0,-19.4,+52.0,-3.0,-97.0,+28.5,-310.0,+11.4,+133.0,-0.9,-61.0,+13.7,+126.0,+10.0,-304.0,+8.7,-9.0,-8.4,+126.0,+5.0,+138.0,-2.3,-24.0,+17.0,-112.0
326,Bucknell,,Pat,33,10-23,,10,23,,,-0.303,,+19.5,-265.0,+2.5,-37.0,+0.3803,-173.0,+3.1,-176.0,+8.1,-12.0,+1.7,-26.0,+2.8,-73.0,+13.0,-261.0,-4.4,-128.0,-20.0,+11.0,+7.3,+66.0,-3.5,-2.0,+0.1,-71.0,+7.3,-254.0,+10.8,-29.0,+4.8,-67.0,+3.2,-49.0,-2.3,+45.0,+17.5,-179.0
219,Buffalo,,MAC,32,17-15,,17,15,,,-0.5312,,+1.5,-3.0,+4.2,-29.0,-0.0581,-7.0,+3.5,-16.0,+6.4,-28.0,+1.8,+87.0,-5.2,+154.0,-0.4,-75.0,-0.8,-57.0,-13.7,+202.0,-4.4,-21.0,+5.9,-51.0,+3.9,-44.0,+0.6,+45.0,+6.6,+28.0,+0.9,+15.0,-2.7,-95.0,-1.1,-3.0,+9.1,+82.0
72,Butler,,BE,32,16-16,,16,16,,,0.0,,+2.6,-3.0,-3.1,-17.0,+0.0897,-26.0,-2.9,+25.0,+0.3,-15.0,+0.5,+67.0,-1.4,-52.0,+1.9,+21.0,+1.6,+19.0,-1.6,+52.0,-0.3,+42.0,-3.5,+48.0,-3.7,-117.0,-1.3,-61.0,+4.4,+92.0,-7.1,+26.0,+2.1,+65.0,+2.6,-62.0,+3.95,-10.0
96,Cal Baptist,,WAC,33,25-8,,25,8,,,+0.2424,,+5.0,-64.0,-6.9,-22.0,+0.2059,-63.0,+7.8,-260.0,+1.1,+77.0,+0.2,-30.0,+3.7,-114.0,-5.2,+119.0,-5.0,-10.0,-2.9,+22.0,+9.5,+50.0,+5.7,-194.0,+2.0,+87.0,+8.2,-166.0,-0.7,+87.0,-0.6,-63.0,-1.3,+43.0,+3.0,-160.0,+2.9,-46.0
217,Cal Poly,,BW,33,14-19,,14,19,,,-0.0909,,+5.2,-49.0,0.0,-43.0,+0.131,-61.0,-2.9,+35.0,-1.0,-90.0,-5.8,-236.0,-0.8,-41.0,+3.8,-88.0,-2.4,-46.0,-7.0,+63.0,+3.7,+57.0,+0.1,+20.0,+2.3,-52.0,-4.6,+6.0,-5.7,-136.0,-6.0,+63.0,-8.7,-170.0,+2.7,+1.0,+11.0,+51.0
167,Cal St. Northridge,,BW,34,20-14,,20,14,,,-0.0882,,-1.1,+16.0,+6.4,+69.0,-0.1862,+50.0,-0.3,-39.0,+1.8,+24.0,+0.5,+2.0,0.0,-66.0,-1.6,+32.0,+0.7,+67.0,-7.9,+59.0,-3.6,-46.0,+5.4,-94.0,+2.8,+38.0,-4.7,-10.0,+0.5,-26.0,+9.1,-202.0,+0.8,-62.0,+0.4,+9.0,+6.8,+142.0
325,Cal State Bakersfield,,BW,32,8-24,,8,24,,,-0.25,,-2.5,-32.0,-0.2,-66.0,-0.0327,-47.0,+3.2,-145.0,-0.7,-85.0,-1.6,-101.0,-1.8,+41.0,-3.3,+30.0,+5.4,-37.0,-11.3,+176.0,-14.8,-256.0,+2.8,-137.0,+5.2,+3.0,+2.9,-178.0,-5.8,-178.0,+5.7,-130.0,+2.7,+55.0,+3.9,-29.0,+16.4,-29.0
193,Cal State Fullerton,,BW,34,18-16,,18,16,,,+0.2206,,-4.8,+39.0,-10.5,-143.0,+0.1574,-59.0,-2.8,+31.0,-8.0,-235.0,0.0,+73.0,+2.5,-19.0,-2.7,-54.0,-2.6,-11.0,-5.1,+72.0,-3.2,-60.0,-3.0,+20.0,-3.1,-139.0,-1.6,+3.0,-9.7,-156.0,+8.9,-83.0,-2.9,-105.0,+1.6,+3.0,+9.05,-107.0
68,California,,ACC,32,21-11,,21,11,,,-0.6562,,+5.1,-24.0,+10.5,+164.0,-0.1246,+49.0,-0.9,+1.0,+8.5,+197.0,-1.7,+18.0,-3.5,+43.0,+3.1,-143.0,-2.9,-76.0,+6.0,-63.0,+9.0,+38.0,+1.1,-74.0,+5.7,+76.0,-2.4,+89.0,+8.3,+222.0,+4.0,-56.0,+2.2,-6.0,+1.3,-56.0,-0.4,+225.0
108,California-Irvine,,BW,34,23-11,,23,11,,,+0.0735,,+10.4,-151.0,+7.3,+112.0,+0.06,-11.0,+4.7,-173.0,+3.1,+108.0,+0.1,-26.0,-3.6,+118.0,+6.1,-99.0,-2.6,-100.0,+2.0,-44.0,-7.5,-5.0,+3.6,-141.0,+5.0,+87.0,+5.2,-125.0,-0.2,+21.0,-0.5,-57.0,+6.4,+134.0,-0.8,+17.0,+5.42,-9.0
187,Campbell,,CAA,34,16-18,,16,18,,,+0.1961,,+5.0,-42.0,+1.1,-20.0,+0.0975,-39.0,+6.7,-200.0,-7.3,-215.0,+3.2,+53.0,-3.7,+84.0,+4.1,-22.0,+0.5,-54.0,+28.6,-14.0,-0.5,-45.0,+11.7,-189.0,-2.7,-126.0,-2.3,-61.0,-11.8,-254.0,-2.9,+6.0,+1.3,+51.0,+2.1,-26.0,+10.3,-95.0
144,Central Arkansas,,ASun,34,22-12,,22,12,,,+0.0196,,-0.2,+9.0,-2.6,-24.0,+0.0642,-12.0,+2.9,-42.0,-1.3,-105.0,-0.4,+49.0,+0.7,-7.0,+1.1,-73.0,+5.9,+160.0,-1.9,-48.0,+1.2,+57.0,-2.2,+78.0,+4.1,-46.0,+5.9,-62.0,-3.9,-120.0,-2.4,+52.0,+1.3,-51.0,+0.3,-27.0,+5.8,+37.0
244,Central Michigan,,MAC,31,10-21,,10,21,,,-0.3226,,-3.2,+12.0,+24.1,+47.0,-0.2876,+73.0,+2.7,-82.0,+12.4,+20.0,-0.3,-44.0,+0.8,-75.0,+0.8,-67.0,-8.4,-247.0,-4.6,-11.0,-4.5,-120.0,+6.9,-121.0,+17.5,+36.0,-8.9,+100.0,+3.6,-26.0,-12.6,+31.0,+3.4,+73.0,+4.4,-162.0,+14.5,-68.0
252,Charleston Southern,,BSth,32,15-17,,15,17,,,-0.4688,,+0.5,-42.0,-4.8,-87.0,+0.1303,-65.0,-5.6,+145.0,-5.2,-11.0,-12.0,-291.0,-3.7,-42.0,-14.2,+96.0,+0.3,-20.0,+5.3,-158.0,-1.6,-94.0,-5.9,+144.0,-1.9,+23.0,-3.5,+91.0,-7.9,-36.0,-7.7,+105.0,+3.4,+93.0,+2.9,-7.0,+12.4,-53.0
172,Charlotte,,Amer,34,17-17,,17,17,,,0.0,,-0.1,+17.0,-1.5,-57.0,+0.036,-10.0,-3.2,+84.0,-0.9,-5.0,+0.6,-19.0,-2.9,-40.0,+2.0,+19.0,+2.1,-42.0,-3.9,+45.0,-11.4,-160.0,-4.7,+114.0,+1.4,+21.0,-1.0,+23.0,-2.5,-15.0,+7.2,-36.0,+4.3,+37.0,-0.1,-62.0,+9.6,-70.0
313,Chattanooga,,SC,32,13-19,,13,19,,,-0.4062,,+16.6,-196.0,+31.8,-8.0,-0.1234,-14.0,+11.1,-59.0,+15.2,+126.0,-3.4,-16.0,-3.7,-38.0,+3.2,-100.0,-5.9,-162.0,-12.8,-5.0,-20.6,-300.0,+8.9,-37.0,+8.6,+97.0,+9.0,-98.0,+14.2,+121.0,-6.8,+94.0,+8.3,-16.0,-0.4,-11.0,+14.4,-30.0
32,Cincinnati,,B12,33,18-15,,18,15,,,-0.2122,,-8.6,+109.0,-0.5,+6.0,-0.1158,+51.0,+0.1,-53.0,-5.8,-18.0,+4.9,+109.0,-6.5,+196.0,-1.0,-10.0,+3.2,+105.0,-5.4,-41.0,+0.8,+54.0,-9.5,+59.0,-2.1,+14.0,+7.4,-150.0,-9.1,-25.0,+3.0,-29.0,-7.1,-129.0,-2.3,+61.0,+1.3,+93.0
30,Clemson,,ACC,34,24-10,,24,10,,,+0.0441,,+5.9,-28.0,+6.1,+86.0,-0.0145,+10.0,-3.3,+78.0,+6.5,+183.0,-4.1,-14.0,+0.7,-50.0,-1.7,-34.0,+4.6,+131.0,+0.7,-13.0,+1.2,+28.0,-6.5,+144.0,+4.8,+137.0,+0.6,-51.0,+5.7,+148.0,+1.0,-20.0,+1.2,-40.0,-0.6,-52.0,-2.2,-13.0
230,Coastal Carolina,,SB,32,19-13,,19,13,,,-0.5938,,+1.1,-69.0,+28.5,+175.0,-0.3103,+84.0,-1.7,-63.0,+16.3,+289.0,+5.3,+217.0,-5.0,-41.0,+7.4,-195.0,+8.8,+215.0,+24.3,-239.0,-5.7,-79.0,+6.3,-203.0,+18.4,+299.0,-5.4,+40.0,+8.6,+170.0,+17.3,-102.0,+8.9,+194.0,-1.6,+25.0,+8.0,+75.0
246,Colgate,,Pat,33,18-15,,18,15,,,-0.0455,,+5.3,-72.0,+6.6,-8.0,-0.0193,-22.0,+3.8,-60.0,+5.5,+58.0,-3.3,-19.0,-2.5,-9.0,-2.9,-34.0,-9.0,-101.0,+3.9,-148.0,+2.6,+41.0,+11.1,-112.0,+5.4,+62.0,-5.4,+122.0,+3.8,+10.0,+3.1,-106.0,-1.7,-82.0,-0.4,-18.0,+9.1,+29.0
190,College of Charleston,,CAA,32,21-11,,21,11,,,-0.6562,,-7.8,+57.0,+29.0,+154.0,-0.4256,+136.0,-8.5,+84.0,+8.6,+206.0,-2.5,-46.0,+0.2,-119.0,-1.0,-20.0,+19.2,+57.0,-10.8,+170.0,-13.6,-12.0,+2.5,-31.0,+2.9,+94.0,-17.0,-5.0,+12.9,+216.0,+1.2,-55.0,-9.3,-218.0,-3.5,+102.0,+5.4,+90.0
77,Colorado,,B12,32,17-15,,17,15,,,-0.5312,,+6.8,-25.0,+2.0,+51.0,+0.0699,-18.0,-2.8,+72.0,+1.2,-28.0,-2.8,-8.0,-4.4,+43.0,-3.4,+11.0,+3.5,+63.0,-7.8,+83.0,+13.3,+83.0,-2.7,+69.0,+4.2,+69.0,-2.0,+46.0,-4.7,-190.0,+3.5,-112.0,-13.0,-55.0,+0.5,-15.0,+1.9,+131.0
88,Colorado State,,MWC,33,21-12,,21,12,,,-0.3031,,-10.8,+130.0,-1.1,-14.0,-0.2301,+86.0,-8.9,+191.0,-0.2,-64.0,-1.1,-79.0,+3.8,-210.0,-3.8,+35.0,+6.2,+153.0,-14.6,+208.0,+14.8,+139.0,-10.9,+219.0,+5.6,-2.0,-4.6,+115.0,-7.9,-150.0,+1.0,+13.0,-8.5,-198.0,+1.4,-99.0,+2.0,+201.0
207,Columbia,,Ivy,28,16-12,,16,12,,,-0.5714,,+4.8,-60.0,+9.9,+65.0,-0.1104,+11.0,-6.4,+149.0,+12.3,+143.0,-7.4,-295.0,+1.3,-158.0,-4.3,+114.0,-8.0,-27.0,-12.7,-19.0,+1.1,+25.0,-2.2,+55.0,+11.8,+193.0,-10.9,+214.0,+8.3,+41.0,-8.5,+70.0,+8.2,+178.0,+5.1,-189.0,+7.0,+18.0
363,Coppin St.,,MEAC,31,7-24,,7,24,,,-0.2258,,-3.1,-51.0,-10.6,-158.0,+0.0403,-66.0,-3.5,-55.0,-8.5,-255.0,-4.9,-147.0,-1.5,+30.0,+1.3,-40.0,-5.5,-204.0,-2.9,+52.0,-24.4,-326.0,-6.8,-33.0,-10.3,-239.0,+2.6,-187.0,-3.7,-182.0,-4.7,+10.0,-3.2,-118.0,-2.8,+96.0,+18.2,-73.0
155,Cornell,,Ivy,28,15-13,,15,13,,,-0.0357,,+11.2,-30.0,+7.1,-38.0,+0.0901,-25.0,+5.7,-3.0,+1.0,-74.0,-4.5,-106.0,-2.1,-25.0,+3.6,-83.0,+5.8,+83.0,-13.0,+5.0,+1.0,-26.0,+9.8,-7.0,+3.2,-47.0,+1.7,+23.0,-1.5,-149.0,+4.4,+6.0,+2.4,+57.0,-2.0,+70.0,+7.7,-23.0
85,Creighton,,BE,32,15-17,,15,17,,,-0.4688,,-12.2,+148.0,-2.9,-10.0,-0.2247,+83.0,-13.1,+217.0,-7.0,-130.0,-2.0,-40.0,-3.8,-25.0,-4.2,-3.0,-6.0,-95.0,+2.5,-123.0,+19.5,+261.0,-8.1,+167.0,-9.4,-91.0,-11.0,+149.0,+4.6,-6.0,+8.5,-14.0,-15.1,-10.0,+3.9,-141.0,+3.4,+48.0
271,Dartmouth,,Ivy,27,11-16,,11,16,,,-0.4074,,+1.4,-56.0,+16.4,+37.0,-0.1938,+23.0,-1.0,-3.0,+25.0,+78.0,-3.5,-132.0,-1.0,-87.0,-0.8,-64.0,-14.9,-142.0,+17.9,-88.0,-7.6,-36.0,+3.5,-142.0,+28.3,+84.0,-4.1,+125.0,+15.4,+96.0,-6.3,+91.0,+19.3,+150.0,+4.0,-53.0,+10.7,+15.0
105,Davidson,,A10,33,20-13,,20,13,,,+0.0606,,-10.4,+114.0,-2.4,+5.0,-0.209,+78.0,-5.6,+117.0,-5.4,-76.0,-1.5,-21.0,+0.5,-40.0,-2.2,-19.0,+2.6,+27.0,+1.9,-93.0,+3.2,+6.0,+2.3,-63.0,-6.4,-123.0,-9.7,+179.0,-2.5,+39.0,+3.0,-30.0,-1.7,+6.0,-1.9,-35.0,+5.38,-18.0
82,Dayton,,A10,34,23-11,,23,11,,,-0.1765,,-6.7,+79.0,-2.4,+7.0,-0.0909,+33.0,-5.4,+86.0,+1.3,+42.0,-1.6,-54.0,-5.0,+129.0,+0.3,-88.0,-10.3,-103.0,-5.7,+79.0,+1.9,+6.0,-6.9,+99.0,-0.7,+33.0,-2.2,+8.0,+3.0,-40.0,+0.8,-24.0,-0.5,-41.0,-3.6,+79.0,+1.0,+60.0
101,DePaul,,BE,32,16-16,,16,16,,,-0.5,,-10.0,+73.0,-0.6,+26.0,-0.2574,+90.0,-7.7,+57.0,-5.3,-43.0,-3.1,-125.0,+0.5,-13.0,-0.6,-25.0,+11.8,+111.0,-10.9,+107.0,+3.2,-13.0,-11.7,+85.0,-2.6,+9.0,-0.6,-79.0,-7.3,-191.0,-2.0,-9.0,-6.5,-5.0,+1.4,-90.0,+3.8,+199.0
276,Delaware,,CUSA,31,10-21,,10,21,,,+0.1774,,-10.4,+58.0,+2.2,-42.0,-0.189,+22.0,-5.2,+132.0,+3.9,+58.0,+2.7,+14.0,+0.9,-147.0,-2.6,-52.0,+4.1,+49.0,-8.9,+3.0,-11.6,-48.0,-9.7,+117.0,0.0,+22.0,-1.1,+71.0,+6.9,+35.0,+6.6,-25.0,-4.6,-146.0,+4.3,-204.0,+15.3,-139.0
362,Delaware St.,,MEAC,31,8-23,,8,23,,,+0.4086,,+0.3,-54.0,-7.0,-132.0,+0.0496,-75.0,+3.7,-123.0,-11.4,-250.0,+1.0,-50.0,-3.3,+105.0,+9.4,-213.0,+4.4,+17.0,-2.6,-4.0,-2.3,-91.0,+6.1,-160.0,-4.8,-176.0,-2.2,-99.0,-19.0,-115.0,-3.0,-45.0,-5.3,-2.0,-3.8,+30.0,+18.8,-84.0
231,Denver,,Sum,32,15-17,,15,17,,,-0.4688,,-22.3,+223.0,+3.6,-51.0,-0.3176,+92.0,-3.6,+93.0,+0.6,-82.0,+6.3,+261.0,-1.2,-75.0,-3.3,+16.0,-4.2,-180.0,+35.5,-204.0,+0.9,-21.0,+3.4,-73.0,-1.3,-108.0,-8.2,+197.0,+2.4,-88.0,+7.1,-120.0,+0.7,+47.0,+0.1,-11.0,+10.0,+42.0
188,Detroit,,Horz,32,17-15,,17,15,,,-0.0312,,-7.5,+76.0,-13.0,-173.0,+0.1512,-55.0,-7.2,+31.0,-5.3,-137.0,-0.8,+12.0,+4.7,-271.0,+2.3,+7.0,+3.9,+48.0,+2.4,-97.0,-0.1,-50.0,-9.0,+9.0,-0.4,-75.0,+0.9,-11.0,-10.2,-120.0,-9.3,-21.0,-7.8,-181.0,-1.6,+59.0,+9.2,-54.0
216,Drake,,MVC,34,14-20,,14,20,,,+0.2549,,+3.0,-28.0,-6.7,-120.0,+0.247,-98.0,+1.3,-76.0,-3.9,-124.0,-0.9,+52.0,0.0,-116.0,-3.9,-22.0,+7.6,+132.0,+1.9,-78.0,-9.1,-62.0,+5.8,-123.0,+3.5,+74.0,-1.9,-1.0,-9.0,-253.0,+5.5,-23.0,+0.5,-60.0,-1.6,+24.0,+13.38,-195.0
202,Drexel,,CAA,33,17-16,,17,16,,,-0.0152,,+3.1,-87.0,-1.2,+14.0,+0.1182,-55.0,-0.7,-32.0,+2.5,+115.0,+2.0,-21.0,-0.7,-30.0,+5.6,-86.0,-1.1,-59.0,+15.1,-218.0,0.0,-18.0,-7.8,+21.0,+7.5,+193.0,+8.1,-70.0,-4.7,+28.0,-3.6,+25.0,+0.4,+63.0,+1.5,-119.0,+11.0,-50.0
1,Duke,,ACC,34,32-2,,32,2,,,+0.0588,,+0.1,+16.0,+4.4,+20.0,-0.0129,+6.0,-7.0,+170.0,+5.4,+169.0,+0.9,+80.0,-1.9,+46.0,+7.3,-2.0,-2.5,+31.0,-5.5,+84.0,+4.5,+76.0,-9.0,+166.0,+4.7,+131.0,-2.9,+61.0,+4.3,+164.0,+2.0,-8.0,+1.1,-61.0,-0.8,-29.0,-11.5,+2.0
121,Duquesne,,A10,33,18-15,,18,15,,,+0.1212,,+2.7,-15.0,+2.3,+61.0,+0.0064,+6.0,-5.1,+102.0,+8.8,+66.0,-3.9,-148.0,+3.2,-64.0,+7.6,-130.0,-3.7,-63.0,-7.9,+118.0,-12.6,-226.0,-1.6,+59.0,-4.2,-80.0,-6.5,+35.0,+17.8,+17.0,-0.8,+18.0,+1.7,+11.0,-5.4,+179.0,+7.22,-64.0
259,East Carolina,,Amer,31,11-20,,11,20,,,-0.3548,,+3.4,-82.0,+9.9,+61.0,-0.1114,+3.0,-1.9,-70.0,+9.4,+77.0,+3.2,+75.0,-6.4,+101.0,+8.3,-59.0,-4.2,-173.0,-1.7,+50.0,+1.7,+43.0,-4.6,-31.0,+10.6,+105.0,+2.5,-171.0,+4.6,+19.0,+3.3,-105.0,-8.2,-106.0,+1.5,-49.0,+12.3,+24.0
197,East Tennessee State,,SC,34,23-11,,23,11,,,-0.0098,,-3.2,+30.0,+8.6,+64.0,-0.2509,+67.0,+2.1,-7.0,+3.3,+76.0,+0.4,+92.0,-0.3,+2.0,-3.9,+10.0,+8.9,+210.0,+2.8,-61.0,+0.2,-32.0,+5.8,-16.0,+6.9,+59.0,-1.9,+26.0,-0.4,+43.0,+3.2,-85.0,+1.1,-66.0,-0.5,-34.0,+6.6,+28.0
330,Eastern Illinois,,OVC,33,13-20,,13,20,,,-0.3939,,+9.2,-149.0,+5.4,+6.0,+0.0755,-79.0,+5.2,-205.0,-5.2,-84.0,+0.8,-32.0,-3.1,+99.0,-1.7,-38.0,+1.6,-69.0,-9.0,+51.0,-3.7,-62.0,-0.8,-77.0,-3.1,-111.0,+10.4,-268.0,-4.1,+17.0,+5.9,-146.0,+9.7,+62.0,-0.8,-30.0,+14.3,-39.0
236,Eastern Michigan,,MAC,31,10-21,,10,21,,,-0.3226,,-1.3,-46.0,+3.9,+65.0,-0.1131,+13.0,-3.0,-16.0,-5.6,-75.0,-3.4,-118.0,-4.4,+48.0,-3.6,-7.0,+4.2,+100.0,+2.9,-130.0,+3.9,+36.0,+3.5,-133.0,-10.4,-114.0,-13.6,+59.0,+3.9,+104.0,-4.7,-22.0,-6.8,-27.0,+3.8,-168.0,+13.8,-42.0
150,Eastern Washington,,BSky,33,14-19,,14,19,,,+0.0758,,-6.0,+85.0,+0.3,-23.0,-0.1614,+56.0,-4.6,+126.0,+0.1,-85.0,-2.8,-112.0,-4.8,+79.0,-3.1,+47.0,-10.8,-173.0,+12.2,-111.0,+11.3,+47.0,-0.9,+44.0,+4.6,-35.0,-7.3,+163.0,-5.2,-140.0,+1.5,-83.0,-2.3,-32.0,+2.0,-82.0,+11.4,-90.0
264,Elon,,CAA,32,14-18,,14,18,,,-0.4375,,-17.6,+125.0,-10.9,-175.0,-0.1531,+10.0,-6.0,+118.0,-4.9,-175.0,+12.2,+203.0,-0.1,-63.0,+3.9,-32.0,-6.2,-215.0,+3.0,-89.0,+18.2,+141.0,-15.3,+183.0,-10.9,-225.0,+1.4,-58.0,+3.5,-64.0,+10.6,-88.0,-6.8,-179.0,-4.1,+85.0,+12.4,-56.0
302,Evansville,,MVC,32,7-25,,7,25,,,-0.2188,,+2.6,-79.0,-7.6,-140.0,+0.2326,-117.0,-3.2,-21.0,-11.8,-309.0,+3.2,-10.0,-9.0,+68.0,+4.5,-134.0,+0.6,-14.0,-0.4,-86.0,+5.3,+102.0,-11.4,+62.0,-0.9,-89.0,+3.8,-172.0,-16.2,-340.0,+5.9,-67.0,+3.5,-21.0,+1.0,-76.0,+17.1,-196.0
176,FIU,,CUSA,32,15-17,,15,17,,,-0.1355,,+2.2,-35.0,-3.8,-47.0,+0.1578,-54.0,+0.5,-70.0,-1.4,-78.0,+2.1,+26.0,-0.8,+27.0,+11.2,-61.0,-5.7,-209.0,-8.6,+133.0,+6.8,+48.0,+4.0,-144.0,-4.6,-103.0,-6.1,+89.0,+1.5,-81.0,-6.9,-8.0,+1.9,-51.0,-2.1,+69.0,+9.8,+78.0
258,Fairfield,,MAAC,34,21-13,,21,13,,,+0.0491,,-5.9,+26.0,-10.1,-159.0,+0.0951,-62.0,-3.6,-25.0,-3.8,-68.0,-2.1,-13.0,+3.6,-133.0,+0.8,+44.0,+2.6,+68.0,-6.3,-47.0,+4.2,+97.0,-5.7,-9.0,-6.8,-92.0,+0.1,-75.0,+1.5,-3.0,-0.2,-46.0,-3.2,-4.0,-0.4,-13.0,+9.1,-26.0
4,Florida,,SEC,33,26-7,,26,7,,,-0.1212,,-2.7,+23.0,+4.5,+31.0,-0.0314,+13.0,-5.8,+144.0,+2.9,+114.0,+3.6,+118.0,-1.5,-42.0,+2.4,+3.0,+3.2,+96.0,+10.9,-49.0,+1.6,+25.0,-8.3,+172.0,+2.6,+84.0,-1.7,-105.0,+1.9,+89.0,-5.8,+40.0,+3.5,+113.0,-2.0,+80.0,-7.5,+10.0
292,Florida A&M,,SWAC,31,15-16,,15,16,,,+0.1828,,-1.5,-58.0,-3.3,-48.0,+0.0313,-59.0,-2.1,-50.0,-3.5,-72.0,-1.3,-78.0,+3.4,-35.0,+5.9,-102.0,+2.1,+11.0,+0.5,-5.0,-1.7,-82.0,-2.0,-41.0,-1.0,+8.0,-1.6,-58.0,-5.8,-144.0,-4.4,+28.0,-2.8,+20.0,+1.0,-43.0,+11.0,-32.0
123,Florida Atlantic,,Amer,33,18-15,,18,15,,,-0.2122,,-4.4,+56.0,-0.7,+14.0,-0.0971,+44.0,-1.2,+9.0,-3.0,-6.0,+4.2,+65.0,-4.4,+47.0,-3.6,+60.0,+0.1,+29.0,+8.9,-159.0,+2.2,+9.0,-2.7,+81.0,-2.5,+1.0,+0.8,-78.0,-2.2,-26.0,-9.6,+91.0,-14.7,-46.0,+1.1,-8.0,+7.1,+130.0
237,Florida Gulf Coast,,ASun,34,16-18,,16,18,,,+0.0294,,0.0,-33.0,-15.9,-207.0,+0.4129,-146.0,-2.4,+42.0,-5.2,-174.0,+0.6,+70.0,-0.7,-25.0,+1.8,-38.0,-9.9,-60.0,-9.6,-28.0,-8.3,-161.0,+9.0,-93.0,-1.8,-96.0,-11.0,+89.0,-5.8,-159.0,+5.5,-107.0,+2.9,-52.0,-2.3,+61.0,+12.6,-104.0
51,Florida State,,ACC,33,18-15,,18,15,,,+0.1212,,+20.2,-44.0,+0.4,+32.0,+0.1345,-41.0,+13.0,-127.0,+2.0,+10.0,-2.4,-18.0,+0.5,-5.0,-10.1,+124.0,+11.5,+4.0,+0.6,-44.0,+0.8,+25.0,+8.8,-47.0,+2.0,-2.0,+11.3,-208.0,+1.3,-24.0,+1.4,+9.0,+3.3,-42.0,-0.5,+36.0,+2.4,-42.0
177,Fordham,,A10,32,17-15,,17,15,,,-0.0312,,-10.4,+22.0,-10.3,-69.0,-0.0077,+3.0,+1.4,-128.0,-3.3,-12.0,+3.8,+82.0,+5.4,-125.0,-11.7,+222.0,-1.4,+36.0,+12.1,-249.0,-1.2,+27.0,+2.6,-73.0,+10.2,+193.0,+0.4,-144.0,-9.3,-116.0,+4.4,-98.0,+13.9,+41.0,-0.2,-62.0,+8.8,-60.0
131,Fresno State,,MWC,32,13-19,,13,19,,,-0.4062,,-7.2,+56.0,-0.7,+27.0,-0.1823,+64.0,-4.2,+38.0,+1.3,+15.0,+1.8,+5.0,-4.2,+125.0,-9.1,+35.0,+0.8,-19.0,-13.3,+83.0,-7.6,-11.0,-0.8,+7.0,-3.4,-147.0,-6.0,-10.0,+4.9,+167.0,+0.2,-18.0,+3.6,-32.0,+1.4,-53.0,+9.2,+73.0
194,Furman,,SC,34,22-12,,22,12,,,+0.3529,,+9.8,-119.0,+3.8,+50.0,+0.1518,-59.0,+4.1,-31.0,+7.0,+165.0,-2.0,-84.0,+2.6,-214.0,-0.3,-14.0,-7.0,-23.0,+5.3,-132.0,+10.7,+188.0,-5.9,+113.0,+10.2,+166.0,+11.5,-197.0,+1.8,+82.0,-5.2,+87.0,-0.3,-52.0,0.0,-54.0,+8.95,-129.0
361,Gardner-Webb,,BSth,33,4-29,,4,29,,,-0.1212,,-10.4,-39.0,-13.4,-171.0,+0.0005,-50.0,-8.8,0.0,-7.6,-223.0,-1.3,-97.0,+0.4,-102.0,+3.0,-117.0,+3.9,-46.0,-1.5,-70.0,-2.4,-44.0,-4.8,-12.0,-7.8,-212.0,-8.8,-15.0,-5.2,-172.0,+6.0,-93.0,-2.2,-75.0,-1.9,+78.0,+22.5,-204.0
118,George Mason,,A10,32,23-9,,23,9,,,-0.2188,,+4.7,-34.0,-12.9,-103.0,+0.294,-96.0,+2.5,-44.0,-5.8,-52.0,+0.3,+59.0,-0.3,-71.0,+6.6,-107.0,-0.9,+16.0,-24.7,+269.0,+5.3,+113.0,+6.9,-43.0,+0.2,+37.0,-3.2,-1.0,-12.5,-83.0,+1.7,-86.0,-10.6,-223.0,-3.2,-20.0,+2.52,+34.0
83,George Washington,,A10,33,18-15,,18,15,,,-0.2122,,-6.7,+88.0,-3.4,-26.0,-0.0601,+21.0,-7.8,+186.0,+1.2,-10.0,-1.1,-63.0,-1.5,+20.0,+0.7,+45.0,-8.1,-49.0,-8.5,+88.0,+1.6,+16.0,-7.0,+158.0,+3.1,-8.0,-5.4,+97.0,-0.3,-2.0,+5.2,-11.0,+5.9,-7.0,-1.7,+69.0,+6.4,+144.0
78,Georgetown,,BE,34,16-18,,16,18,,,+0.2794,,-3.6,+60.0,-6.9,-40.0,+0.0691,-17.0,0.0,-71.0,-0.1,+50.0,+2.3,+121.0,+2.3,-148.0,+0.8,+11.0,+0.4,-41.0,-9.2,+117.0,-13.8,-127.0,+2.1,-86.0,-2.7,-22.0,-4.1,-37.0,+1.9,+52.0,-6.2,+23.0,+3.7,+20.0,-0.9,-14.0,+5.7,-76.0
37,Georgia,,SEC,32,22-10,,22,10,,,-0.1875,,-7.7,+72.0,+4.4,+105.0,-0.1973,+70.0,-1.5,+40.0,+9.1,+185.0,+1.3,+135.0,+1.8,-39.0,-3.6,+96.0,-10.7,-282.0,+2.8,-38.0,-6.0,-29.0,-9.8,+205.0,+7.4,+160.0,+4.7,-107.0,+8.2,+118.0,+8.4,-67.0,-3.2,-25.0,+4.2,-5.0,-2.81,+44.0
229,Georgia Southern,,SB,37,21-16,,21,16,,,+0.2324,,+9.3,-82.0,+1.0,-54.0,+0.2033,-85.0,+6.9,-159.0,+0.9,-16.0,+0.7,+106.0,+0.7,-13.0,+0.6,-66.0,+4.3,-40.0,-4.3,+84.0,-2.2,-91.0,+4.3,-79.0,+1.3,-24.0,+6.1,-155.0,+0.3,-23.0,+8.3,-12.0,+3.8,+57.0,-2.5,+106.0,+11.64,-149.0
161,Georgia Tech,,ACC,31,11-20,,11,20,,,-0.3548,,+26.0,-194.0,+2.1,+51.0,+0.4009,-134.0,+5.8,-185.0,+2.8,+107.0,+2.6,+1.0,-2.0,-18.0,+7.1,-136.0,+0.7,-22.0,+7.1,-143.0,+12.2,+126.0,+10.1,-247.0,+3.2,+83.0,-1.8,+32.0,+1.5,+51.0,+1.4,-88.0,+2.0,-53.0,-1.6,+66.0,+9.42,-115.0
11,Gonzaga,,WCC,33,30-3,,30,3,,,+0.0909,,-1.1,+30.0,-0.1,+8.0,-0.005,+8.0,-0.2,+21.0,-3.9,+3.0,+0.9,+107.0,-3.5,+91.0,-4.2,+100.0,+11.9,+269.0,+2.9,-118.0,-12.5,-72.0,+1.0,+18.0,0.0,+43.0,-0.7,-32.0,-5.4,+8.0,+5.8,-152.0,+3.9,-26.0,-6.9,+208.0,-6.7,+10.0
300,Grambling State,,SWAC,33,14-19,,14,19,,,+0.2425,,-3.5,-47.0,-6.3,-64.0,+0.05,-70.0,-2.9,-33.0,-8.2,-87.0,-2.7,-112.0,+1.1,+1.0,-0.3,-25.0,+2.8,-26.0,-2.7,+63.0,-2.9,-104.0,-7.2,+17.0,-7.4,-88.0,+2.5,-150.0,-6.2,-46.0,+2.0,-66.0,+4.8,+129.0,-0.3,-11.0,+14.0,-60.0
55,Grand Canyon,,MWC,32,20-12,,20,12,,,-0.125,,+8.7,-67.0,+2.5,+41.0,+0.0723,-18.0,+4.9,-126.0,-1.2,+40.0,-2.9,-112.0,+0.2,-41.0,-4.7,+69.0,-3.1,+22.0,+6.5,-14.0,+18.1,+33.0,+0.2,+18.0,+1.4,+74.0,+8.2,-247.0,-4.6,+7.0,+0.9,-41.0,-6.8,-82.0,+3.8,-107.0,+2.6,+44.0
180,Green Bay,,Horz,33,18-15,,18,15,,,-0.5455,,+6.1,-38.0,+25.9,+35.0,-0.3339,+95.0,-0.2,+26.0,+6.1,+7.0,-2.4,-47.0,-7.1,-24.0,-6.6,-30.0,+13.3,+177.0,-5.8,+98.0,-6.1,-131.0,+4.0,-17.0,-4.2,-123.0,-7.8,+185.0,+13.7,+4.0,-10.9,+86.0,-1.5,-85.0,+0.5,-81.0,+8.8,+20.0
304,Hampton,,CAA,32,13-19,,13,19,,,-0.4062,,-1.7,-46.0,+6.7,+12.0,-0.1109,-21.0,-4.7,-43.0,-1.1,-48.0,-2.3,-70.0,+0.5,-49.0,+8.4,-68.0,+1.3,+7.0,-7.9,+131.0,-0.2,-75.0,-0.6,-86.0,-7.5,-211.0,-8.0,-45.0,+13.4,+240.0,-1.3,-22.0,-13.2,-19.0,+6.8,-261.0,+13.7,-74.0
165,Harvard,,Ivy,29,17-12,,17,12,,,-0.0862,,-3.7,+5.0,-4.7,-27.0,+0.0272,-10.0,+1.2,-20.0,-4.9,-68.0,+3.0,+62.0,-5.4,+144.0,-1.0,-62.0,-4.1,-22.0,-8.2,-51.0,-12.4,-15.0,+4.3,-40.0,-5.7,-105.0,-1.4,+2.0,-2.6,+26.0,+7.2,-111.0,-8.8,-110.0,+1.2,-95.0,+6.7,+32.0
116,Hawaii,,BW,32,24-8,,24,8,,,0.0,,+1.0,-27.0,+1.6,+57.0,-0.0174,+10.0,-2.2,+39.0,+1.1,+77.0,-1.8,-105.0,-0.5,-36.0,+0.3,-2.0,-2.6,+30.0,-2.3,+61.0,-3.5,-77.0,+1.3,+13.0,-5.3,-2.0,-6.6,-22.0,+8.6,+230.0,-5.0,+46.0,+2.7,+92.0,+1.4,-21.0,+3.2,+42.0
93,High Point,,BSth,34,30-4,,30,4,,,+0.1176,,-7.3,+102.0,-6.0,-64.0,-0.02,+15.0,-2.8,+73.0,-7.7,-88.0,+0.4,+76.0,-4.4,+85.0,-3.4,+68.0,-0.4,-73.0,-0.3,+45.0,+2.5,+2.0,-5.2,+122.0,-4.9,-103.0,+0.3,-38.0,-7.5,-31.0,-1.9,+17.0,+0.8,-20.0,+1.5,-12.0,+1.62,-18.0
91,Hofstra,,CAA,34,24-10,,24,10,,,+0.2941,,+7.7,-47.0,+0.9,+44.0,+0.1172,-27.0,-2.0,+18.0,-2.0,+23.0,-2.6,-61.0,-1.5,-53.0,+6.3,-23.0,-0.9,-45.0,+5.2,-129.0,+8.8,+77.0,-2.3,-46.0,+0.9,+45.0,-1.6,+79.0,-4.4,-1.0,+5.0,-58.0,-3.2,-80.0,-2.9,-5.0,+5.13,-58.0
333,Holy Cross,,Pat,33,11-22,,11,22,,,-0.3333,,-3.9,-33.0,-8.9,-134.0,+0.0636,-74.0,-5.6,+37.0,-0.3,-89.0,-0.3,+58.0,+3.9,-255.0,-6.3,-39.0,-2.9,+15.0,+10.8,-199.0,-5.8,+2.0,-3.2,-5.0,-7.2,-216.0,-7.5,+23.0,+12.2,+126.0,-6.5,+52.0,-15.4,-148.0,+1.7,-116.0,+17.3,-95.0
5,Houston,,B12,34,28-6,,28,6,,,-0.0735,,-1.4,+20.0,-0.1,+5.0,-0.0033,+4.0,+0.6,-39.0,-1.6,+31.0,+2.7,+165.0,-3.8,+91.0,-2.6,+85.0,+0.6,-25.0,-0.4,-91.0,-1.4,-77.0,-4.5,+62.0,-7.1,-3.0,+6.8,-102.0,+5.2,+153.0,-5.5,+65.0,-3.3,-87.0,-0.4,-59.0,-7.4,+4.0
309,Houston Christian,,Slnd,32,12-20,,12,20,,,-0.375,,-16.9,+21.0,-11.7,-192.0,-0.1083,-24.0,-2.6,-15.0,-4.2,-160.0,-1.9,-111.0,+2.2,-77.0,-21.3,+124.0,-1.1,-115.0,+2.5,-49.0,+18.4,+220.0,+1.0,-64.0,-8.8,-249.0,-3.7,-44.0,+6.7,+32.0,+11.6,-190.0,-15.6,-100.0,+4.1,-216.0,+14.0,-67.0
206,Howard,,MEAC,33,23-10,,23,10,,,+0.303,,-1.1,-39.0,+2.8,+67.0,-0.0985,+8.0,+0.4,-66.0,-0.9,+48.0,-0.8,-84.0,-0.8,+25.0,0.0,+54.0,+0.1,-67.0,+20.1,-6.0,-8.6,-168.0,-1.4,-43.0,-0.4,+48.0,+2.1,-49.0,-1.3,+80.0,+2.7,-107.0,-2.0,+29.0,-0.9,+37.0,+6.98,-81.0
136,Idaho,,BSky,35,21-14,,21,14,,,+0.4,,-2.7,+28.0,-14.8,-114.0,+0.2767,-86.0,-1.7,+18.0,-8.1,-103.0,-2.5,-11.0,-1.6,-43.0,-2.6,-8.0,-6.0,+7.0,+7.9,-122.0,-6.6,-158.0,+6.2,-116.0,-6.0,-43.0,-9.2,+129.0,-8.1,-180.0,-7.6,+122.0,+0.6,+61.0,+1.3,-74.0,+9.5,-147.0
260,Idaho St.,,BSky,33,13-20,,13,20,,,+0.1061,,+0.7,-7.0,-8.3,-130.0,+0.2171,-97.0,-1.8,+16.0,-5.9,-200.0,-0.5,-8.0,-5.4,+8.0,+4.9,-42.0,-10.7,-55.0,+8.7,-56.0,+23.1,+58.0,-3.5,+67.0,-2.7,-135.0,+0.5,-63.0,-8.8,-173.0,-7.2,+87.0,-4.6,-37.0,+6.3,-257.0,+13.3,-94.0
6,Illinois,,B10,32,24-8,,24,8,,,-0.25,,-2.0,+14.0,+9.9,+147.0,-0.0752,+28.0,-0.7,+36.0,+4.4,+154.0,-3.7,+4.0,-0.6,-64.0,-6.9,+136.0,+4.4,+129.0,-0.1,-62.0,+16.3,+191.0,+8.9,-13.0,+20.6,+275.0,-9.2,+137.0,-4.6,+14.0,-6.7,+82.0,+16.0,+49.0,-1.8,+2.0,-6.54,+42.0
111,Illinois Chicago,,MVC,34,19-15,,19,15,,,+0.1079,,+8.2,-76.0,+2.2,+59.0,+0.1201,-27.0,+3.1,-148.0,+0.4,+60.0,-4.6,-182.0,-5.6,+181.0,-0.3,+60.0,-5.0,-169.0,-4.5,+58.0,+3.2,+45.0,+5.9,-153.0,-2.1,-16.0,-2.9,-66.0,+2.5,+92.0,-4.3,-20.0,-4.0,-115.0,+0.6,-65.0,+8.26,-81.0
110,Illinois St.,,MVC,32,20-12,,20,12,,,-0.625,,-12.9,+125.0,+11.2,+165.0,-0.5324,+169.0,-17.7,+247.0,+11.1,+203.0,-0.7,-5.0,+2.9,-143.0,-5.7,+37.0,+5.5,+143.0,+29.1,-253.0,-12.7,-109.0,-8.4,+180.0,+10.1,+188.0,-19.8,+190.0,+8.7,+145.0,+1.1,-29.0,+0.7,+67.0,+0.6,-67.0,+5.2,+28.0
34,Indiana,,B10,32,18-14,,18,14,,,-0.5625,,-5.6,+60.0,+11.4,+175.0,-0.3175,+108.0,-0.4,+27.0,+12.7,+236.0,+2.8,+164.0,-1.9,-30.0,-3.4,-25.0,-5.3,-75.0,+9.8,-120.0,+7.7,+38.0,+0.4,+18.0,+9.9,+216.0,-3.3,+45.0,+11.6,+179.0,-14.0,+176.0,+0.1,+43.0,-0.2,-36.0,-0.39,+146.0
205,Indiana St.,,MVC,32,11-21,,11,21,,,-0.3438,,+2.1,-54.0,-4.1,-53.0,+0.1632,-68.0,-0.1,-9.0,-6.3,-80.0,+4.0,-20.0,-1.5,-58.0,+12.5,-267.0,+7.2,+54.0,-20.3,-21.0,+9.8,+181.0,+0.2,+33.0,-13.8,-190.0,-1.1,-108.0,+3.5,+141.0,-4.1,+66.0,+6.0,+156.0,-6.5,+179.0,+13.9,-80.0
243,Iona,,MAAC,32,18-14,,18,14,,,-0.5625,,+5.9,-107.0,+22.2,+98.0,-0.2243,+43.0,-0.4,-22.0,+12.3,+240.0,-7.0,-199.0,-6.4,+132.0,+5.5,-160.0,-4.5,-126.0,-2.0,-75.0,+12.6,+204.0,+11.7,-189.0,+25.2,+189.0,-9.3,+163.0,+4.5,+164.0,+1.1,+11.0,+23.1,+98.0,-1.7,+66.0,+9.4,+58.0
26,Iowa,,B10,33,21-12,,21,12,,,-0.3864,,-1.1,+20.0,+0.9,+46.0,-0.0192,+12.0,-1.5,+51.0,+4.9,+29.0,+1.9,+136.0,-0.1,+12.0,-4.9,+62.0,+0.6,+46.0,-4.1,+16.0,+6.1,-11.0,-4.0,+78.0,+5.8,+8.0,+1.3,+13.0,+2.6,+41.0,+4.5,-66.0,+1.5,+27.0,+0.5,-78.0,-2.38,+73.0
7,Iowa State,,B12,34,27-7,,27,7,,,-0.0441,,+5.9,-5.0,-8.6,-5.0,+0.0278,-6.0,+0.4,+11.0,-1.2,+26.0,-1.2,+34.0,+2.5,-2.0,-1.0,+61.0,-3.5,-10.0,-6.7,+40.0,+1.5,+62.0,-1.5,+60.0,+1.6,+51.0,+2.1,+18.0,-3.4,+16.0,+1.9,-60.0,-0.2,-57.0,-0.2,-26.0,-6.1,+2.0
332,Jackson St.,,SWAC,33,12-21,,12,21,,,+0.3031,,-0.8,-55.0,+1.9,-56.0,-0.0292,-52.0,-2.4,-63.0,-3.9,-141.0,+0.1,-63.0,+4.5,-161.0,+10.5,-181.0,-5.9,-196.0,+23.0,-110.0,+3.7,-41.0,-4.6,-46.0,-8.8,-209.0,+0.5,-133.0,+3.4,+3.0,-1.2,+14.0,-4.9,-92.0,-1.6,+66.0,+13.0,-40.0
204,Jacksonville State,,CUSA,32,15-17,,15,17,,,-0.1355,,-7.2,+36.0,-7.1,-79.0,-0.0071,-11.0,-4.4,+21.0,-4.7,-41.0,+1.4,+44.0,-0.7,-47.0,+3.0,-77.0,-3.0,-5.0,+1.3,+39.0,+9.5,+16.0,-3.3,-49.0,-6.7,-50.0,-3.6,+97.0,-0.5,+18.0,-7.1,+62.0,-8.0,-189.0,+2.3,-151.0,+11.3,+47.0
210,James Madison,,SB,33,18-15,,18,15,,,-0.5455,,+2.3,-17.0,+11.9,+47.0,-0.1945,+43.0,+2.1,-34.0,-0.7,+40.0,-3.4,-122.0,-4.5,-38.0,-9.4,+118.0,-0.9,-22.0,+3.8,-60.0,+15.9,+6.0,+8.7,-99.0,-2.0,+11.0,-10.4,+185.0,+3.7,+111.0,-14.9,+178.0,-19.9,-136.0,+4.2,-198.0,+9.5,+29.0
22,Kansas,,B12,33,23-10,,23,10,,,-0.0303,,-4.0,+56.0,+6.6,+67.0,-0.128,+54.0,-3.8,+56.0,+4.0,+124.0,-1.3,+13.0,+0.2,-123.0,+2.4,-83.0,-4.7,-98.0,+5.0,-126.0,+3.8,+93.0,-4.4,+32.0,-2.7,+15.0,-1.7,+26.0,+10.8,+249.0,-0.2,-43.0,-6.7,-160.0,+2.3,-100.0,-5.82,+16.0
103,Kansas State,,B12,32,12-20,,12,20,,,-0.375,,+14.5,-82.0,+12.4,+150.0,+0.0262,-3.0,+2.5,-39.0,+12.1,+77.0,-3.9,-142.0,-2.3,+52.0,-7.9,+65.0,+4.9,-22.0,+5.4,-160.0,-12.3,-144.0,-4.2,+69.0,+16.1,+61.0,+10.3,-36.0,+4.2,+67.0,-6.3,+80.0,+1.7,+37.0,+3.7,-1.0,+6.1,+10.0
145,Kennesaw State,,CUSA,34,21-13,,21,13,,,-0.0176,,+0.7,+9.0,-0.5,+2.0,+0.0311,-2.0,-1.7,+3.0,-3.4,+1.0,-0.9,-4.0,-0.3,-60.0,-0.9,+63.0,+5.5,+61.0,+7.5,+16.0,-3.7,-96.0,+0.6,-54.0,+0.7,+60.0,-3.7,+15.0,-6.9,-112.0,-5.1,+59.0,-2.0,-19.0,-0.3,+26.0,+6.8,+133.0
156,Kent State,,MAC,33,24-9,,24,9,,,-0.0606,,-0.1,+12.0,-2.3,-38.0,+0.0586,-16.0,-3.7,+65.0,-2.1,-74.0,-5.2,-214.0,-1.1,-16.0,+0.9,+42.0,+1.8,+28.0,-4.5,+85.0,+8.4,-6.0,-5.5,+47.0,-0.8,-41.0,-0.7,+26.0,-2.4,-89.0,-2.6,+46.0,+4.4,-2.0,-2.4,+91.0,+3.4,+33.0
31,Kentucky,,SEC,34,21-13,,21,13,,,-0.1176,,-3.2,+45.0,-1.6,+17.0,-0.0131,+10.0,-4.5,+111.0,+1.0,+85.0,-2.7,-15.0,+2.5,-163.0,-6.6,+136.0,+7.7,+125.0,-1.8,+26.0,+8.4,+44.0,-2.1,+67.0,+2.5,+82.0,-6.0,+71.0,-2.0,+58.0,-2.7,+6.0,-9.7,-138.0,+1.6,-59.0,-2.8,+2.0
69,LSU,,SEC,32,15-17,,15,17,,,-0.4688,,-1.9,+31.0,-4.2,-36.0,+0.0438,-1.0,-0.9,+10.0,-2.9,-48.0,+3.5,+153.0,-4.7,-25.0,-1.9,+59.0,-0.8,-77.0,-3.6,+74.0,-0.6,-57.0,+3.6,-19.0,+1.0,+57.0,-6.0,+31.0,-6.3,-170.0,+1.3,-78.0,-0.7,+17.0,-0.2,-30.0,+3.3,+189.0
215,La Salle,,A10,32,9-23,,9,23,,,-0.2812,,+9.8,-135.0,+19.7,+115.0,-0.1848,+39.0,+0.1,-93.0,+9.3,-16.0,-6.8,-256.0,0.0,-34.0,+3.3,-10.0,+11.1,+43.0,-2.7,+36.0,+11.4,+159.0,+0.6,-103.0,+4.9,-26.0,-0.7,-131.0,+10.4,-13.0,-0.4,-64.0,-1.0,-64.0,+4.0,-196.0,+13.4,+9.0
283,Lehigh,,Pat,34,18-16,,18,16,,,+0.4706,,-0.7,-49.0,-8.8,-150.0,+0.1895,-95.0,+2.3,-33.0,-7.5,-113.0,-2.2,-84.0,-3.1,+42.0,+4.4,-142.0,-9.7,-203.0,+4.7,-127.0,+3.1,+57.0,-2.4,+32.0,+0.2,0.0,+9.3,-31.0,-14.9,-101.0,-8.2,+75.0,+1.3,+70.0,+0.7,-66.0,+12.1,-191.0
120,Liberty,,CUSA,32,25-7,,25,7,,,-0.4479,,+1.6,+7.0,+8.9,+26.0,-0.1759,+69.0,-3.4,+37.0,+4.4,+5.0,-1.3,+29.0,-3.2,+79.0,+6.9,-127.0,+2.9,-31.0,-12.2,+30.0,-1.9,+32.0,-2.6,+46.0,+4.6,+111.0,-2.4,+82.0,+3.5,-77.0,+12.7,-21.0,-5.3,-46.0,-1.0,-47.0,+0.5,+236.0
272,Lindenwood,,OVC,33,18-15,,18,15,,,-0.5455,,-0.5,-63.0,-2.5,-26.0,+0.0464,-59.0,-10.5,+10.0,-1.6,+18.0,+1.9,-17.0,-3.7,+117.0,+11.2,-78.0,-4.0,-143.0,+14.7,-71.0,-10.3,-178.0,-11.3,+49.0,+0.6,+50.0,-6.3,-47.0,-3.8,-3.0,-9.0,-22.0,+2.7,+98.0,-6.0,+187.0,+10.3,+31.0
233,Lipscomb,,ASun,32,19-13,,19,13,,,-0.5938,,-20.9,+77.0,+13.6,+79.0,-0.3341,+95.0,-8.1,+191.0,+3.4,-11.0,+1.5,+88.0,-1.8,+38.0,-16.4,0.0,+11.7,+144.0,-2.0,-76.0,-14.2,-41.0,-2.1,+72.0,+7.2,+17.0,-8.1,+177.0,-2.5,-53.0,+10.1,-19.0,-4.1,-85.0,-6.7,+223.0,+6.9,+103.0
239,Long Beach State,,BW,32,10-22,,10,22,,,+0.1875,,+0.3,-45.0,-12.9,-174.0,+0.3503,-134.0,+2.8,-123.0,-8.2,-235.0,+0.6,-20.0,-2.1,+49.0,-3.7,-29.0,-10.1,-51.0,+8.0,-181.0,+0.8,-69.0,-0.9,-10.0,-2.0,-125.0,+6.8,-196.0,-10.9,-190.0,-2.9,-19.0,+6.2,+156.0,+3.2,-86.0,+15.1,-184.0
234,Long Island,,NEC,34,24-10,,24,10,,,+0.2941,,-1.0,-37.0,-2.7,-42.0,+0.0378,-32.0,-1.4,+34.0,-5.6,-53.0,-8.2,-301.0,-2.8,+89.0,-10.5,+205.0,-7.6,-226.0,+15.8,-164.0,-3.7,-46.0,+1.4,-29.0,-5.2,-76.0,-6.9,+167.0,-4.6,+7.0,-6.1,-36.0,-3.7,+22.0,-0.4,-3.0,+5.85,-56.0
269,Longwood,,BSth,32,16-16,,16,16,,,-0.5,,+2.1,-72.0,+4.7,+15.0,-0.046,-22.0,-6.4,+42.0,+2.0,-40.0,-6.0,-255.0,-2.8,+79.0,+9.6,-47.0,-10.1,-45.0,+12.4,-25.0,+34.8,+2.0,+1.2,-63.0,-2.3,-127.0,-14.0,+11.0,+4.7,+69.0,-0.5,-44.0,+7.4,+16.0,+2.2,-66.0,+11.8,+3.0
192,Louisiana Tech,,CUSA,34,20-14,,20,14,,,+0.2118,,+11.6,-173.0,-4.4,-24.0,+0.3716,-123.0,+3.9,-197.0,-1.6,+34.0,-4.8,-203.0,-0.1,-23.0,+3.2,+18.0,-0.4,-67.0,-10.4,+53.0,-0.2,-36.0,+4.6,-162.0,+0.5,+54.0,+2.0,-163.0,-2.5,-33.0,+1.1,-80.0,+6.4,-39.0,-0.3,-60.0,+9.17,-117.0
17,Louisville,,ACC,33,23-10,,23,10,,,-0.0303,,+1.8,+6.0,+4.1,+68.0,-0.0212,+9.0,+0.4,+9.0,+6.2,+184.0,-1.0,-3.0,-1.3,-2.0,-4.2,+94.0,+5.4,+158.0,+2.3,-84.0,-0.9,-6.0,+3.9,+2.0,+5.9,+163.0,-3.3,+94.0,+4.6,+123.0,-7.1,+75.0,-4.2,-68.0,-5.7,+208.0,-3.2,-3.0
324,Loyola (MD),,Pat,32,12-20,,12,20,,,-0.375,,+12.3,-179.0,+19.4,-21.0,-0.0522,-43.0,+4.6,-155.0,+15.9,+4.0,-6.2,-90.0,-2.9,+3.0,-1.8,-37.0,+1.4,+50.0,-1.6,-76.0,+12.4,+156.0,+4.4,-99.0,+16.7,-29.0,+3.1,-148.0,+9.3,+184.0,-0.5,+34.0,-2.3,-47.0,-3.2,+105.0,+15.9,-105.0
275,Loyola Chicago,,A10,33,9-24,,9,24,,,+0.394,,+2.1,-71.0,-13.4,-198.0,+0.3966,-164.0,+3.8,-159.0,-8.3,-179.0,-0.1,-67.0,+0.1,-107.0,-1.5,+1.0,-0.2,-8.0,+1.4,-52.0,-6.3,-71.0,+3.5,-86.0,-2.7,-10.0,+2.9,-170.0,-9.8,-278.0,+3.6,-3.0,+4.3,-35.0,-3.6,+34.0,+15.62,-220.0
149,Loyola Marymount,,WCC,32,15-17,,15,17,,,-0.4688,,-10.9,+75.0,+5.3,+103.0,-0.373,+123.0,-5.2,+86.0,-3.4,-6.0,-4.5,-174.0,-0.3,-49.0,+5.7,-172.0,+5.5,+32.0,-7.0,-1.0,+2.0,+52.0,-1.6,-1.0,-2.4,+14.0,-9.8,+146.0,-3.8,-96.0,-12.8,+143.0,+11.1,+202.0,-6.6,+134.0,+9.2,+28.0
349,Maine,,AE,32,8-24,,8,24,,,-0.25,,-3.9,-48.0,-9.8,-150.0,+0.0622,-78.0,-1.7,-32.0,+0.4,+34.0,+2.5,-18.0,+5.3,-33.0,-0.9,-59.0,-11.0,-277.0,+4.2,-26.0,-7.9,-89.0,-5.7,+56.0,+3.6,-29.0,+4.5,-214.0,-3.0,+43.0,-7.2,+51.0,+1.2,+61.0,-0.5,-51.0,+19.7,-91.0
334,Manhattan,,MAAC,32,12-20,,12,20,,,-0.375,,-18.7,+47.0,-13.3,-180.0,-0.0786,-25.0,-2.4,-50.0,-7.7,-226.0,+8.0,+209.0,-3.4,+67.0,-1.3,-39.0,-2.8,-126.0,-12.2,+83.0,-2.6,+29.0,+2.2,-128.0,-13.8,-237.0,-8.5,+18.0,+0.4,-117.0,-6.2,+45.0,+3.5,+84.0,+0.2,-22.0,+15.4,-57.0
208,Marist,,MAAC,31,19-12,,19,12,,,-0.1129,,-1.2,-56.0,-1.3,+16.0,+0.0031,-16.0,-2.6,-37.0,-3.3,+8.0,+5.0,+119.0,-3.4,+110.0,+9.3,-182.0,+4.2,+116.0,-0.1,-91.0,+4.3,-5.0,-9.6,+49.0,-9.6,-26.0,+12.6,-257.0,+6.5,+185.0,-10.6,+37.0,-5.2,-34.0,+2.8,-145.0,+8.5,-13.0
76,Marquette,,BE,32,12-20,,12,20,,,+0.125,,+0.6,+14.0,-4.5,-7.0,+0.091,-29.0,+2.0,-106.0,-2.2,-23.0,-0.7,+16.0,-0.5,+18.0,-3.7,+24.0,-0.9,-107.0,+1.9,-85.0,-3.5,-18.0,+5.6,-97.0,+5.1,+87.0,-0.6,-101.0,-9.3,-78.0,+8.2,-103.0,-1.3,-27.0,+2.5,-48.0,+7.33,-75.0
212,Marshall,,SB,32,19-13,,19,13,,,-0.5938,,-10.9,+130.0,-3.1,-80.0,-0.1834,+40.0,-1.5,+42.0,-4.9,-64.0,+2.7,+96.0,+0.3,-88.0,-1.3,+26.0,+9.1,0.0,+2.5,-126.0,+3.5,-43.0,-4.6,+117.0,-1.6,-1.0,+1.7,+35.0,-6.7,-102.0,-1.0,+18.0,+0.4,-8.0,+0.2,+6.0,+7.6,+83.0
113,Maryland,,B10,33,12-21,,12,21,,,-0.0303,,+9.2,-67.0,-8.3,-78.0,+0.2723,-90.0,+2.8,-164.0,-3.8,-155.0,-0.7,-70.0,-1.2,-71.0,+3.7,-15.0,-0.8,-2.0,-3.5,+33.0,+6.1,+45.0,+6.8,-209.0,+4.3,-17.0,-0.8,-97.0,-9.8,-264.0,+2.5,+3.0,-0.6,-65.0,-0.6,-25.0,+5.06,-19.0
356,Maryland Eastern Shore,,MEAC,32,9-23,,9,23,,,-0.2812,,+0.6,-62.0,+7.7,-14.0,-0.0333,-41.0,-1.9,-56.0,+1.7,+56.0,+0.3,-44.0,+2.3,-64.0,+9.4,-87.0,+3.7,-27.0,+3.8,-150.0,-8.7,-180.0,+1.4,-89.0,-2.5,-41.0,-6.1,-52.0,+6.5,+111.0,-2.0,-45.0,-6.4,-115.0,-1.1,-52.0,+15.7,-15.0
174,Massachusetts,,MAC,33,17-16,,17,16,,,-0.0152,,-0.9,+21.0,-0.9,-14.0,+0.0019,+1.0,-3.5,+88.0,+8.1,+42.0,-1.3,-63.0,-1.7,+16.0,+8.6,-62.0,-6.1,0.0,-7.0,+91.0,-16.5,-272.0,+4.2,-59.0,+11.8,-1.0,-15.8,+211.0,+2.8,+80.0,-7.7,+39.0,+3.8,-10.0,-2.0,+83.0,+10.9,-113.0
73,McNeese,,Slnd,33,28-5,,28,5,,,+0.1515,,+0.6,+15.0,-12.5,-55.0,+0.1759,-55.0,-1.4,-5.0,-1.2,+34.0,+1.1,+124.0,-0.5,+4.0,-0.1,+49.0,-13.6,-309.0,-6.2,+101.0,-3.9,-108.0,-7.8,+135.0,+1.7,+78.0,+7.9,-252.0,-3.1,+14.0,-3.0,-14.0,-0.4,-77.0,-1.9,+13.0,-0.2,-12.0
133,Memphis,,Amer,32,13-19,,13,19,,,-0.0729,,+6.5,-75.0,+14.1,+175.0,-0.1896,+66.0,+0.5,-98.0,+3.8,+143.0,-3.8,-171.0,-5.6,+184.0,+3.5,+2.0,-0.9,-107.0,+11.4,-138.0,-3.1,-103.0,+2.8,-125.0,+1.2,+35.0,-3.5,-61.0,+4.7,+167.0,-4.2,-17.0,+0.6,-54.0,+1.2,-4.0,+8.2,+102.0
209,Mercer,,SC,32,19-13,,19,13,,,-0.5938,,-3.9,+55.0,-3.1,-75.0,-0.0217,-11.0,-4.7,+116.0,-7.6,-193.0,-7.6,-52.0,+3.8,-129.0,-4.4,+97.0,+24.9,+23.0,-9.5,+152.0,-0.7,+31.0,-8.8,+146.0,-5.0,-95.0,+2.5,-7.0,-7.6,-230.0,-6.4,+66.0,-1.5,-73.0,-2.2,+91.0,+7.6,+79.0
284,Mercyhurst,,NEC,34,17-17,,17,17,,,0.0,,-4.0,-27.0,-4.7,-77.0,+0.0054,-46.0,-3.4,-10.0,-0.6,+30.0,-1.4,+28.0,-6.6,+211.0,-7.2,-8.0,-16.1,-150.0,-4.0,-67.0,+6.4,-37.0,-7.5,+42.0,+3.1,+68.0,+5.8,-200.0,-7.3,-44.0,-6.1,-23.0,-6.1,+4.0,+1.6,-118.0,+12.5,-59.0
170,Merrimack,,MAAC,34,23-11,,23,11,,,-0.0098,,-11.5,+68.0,-12.0,-106.0,+0.0152,-5.0,-4.8,-9.0,-3.1,+10.0,-2.1,-2.0,+5.6,-18.0,+1.3,-109.0,-3.3,-93.0,-16.9,+199.0,-12.3,-187.0,-9.9,+33.0,-3.1,+4.0,+1.1,-106.0,-2.0,+65.0,-1.8,+44.0,+1.2,+70.0,+0.3,-72.0,+5.6,+30.0
35,Miami (FL),,ACC,33,25-8,,25,8,,,-0.4243,,+9.2,-19.0,+12.2,+189.0,-0.057,+25.0,-3.5,+88.0,+10.5,+113.0,-4.4,-116.0,-3.0,+93.0,-7.4,+152.0,+6.2,+176.0,+1.9,-17.0,+0.8,+54.0,-3.8,+93.0,+14.1,+182.0,-2.0,+27.0,+3.8,-13.0,-1.1,-54.0,+3.1,+16.0,-3.7,+118.0,-3.76,+34.0
86,Miami OH,,MAC,32,31-1,,31,1,,,-0.4688,,+8.8,-39.0,+17.7,+154.0,-0.213,+83.0,-0.5,+11.0,+5.5,+115.0,-3.3,-17.0,-5.7,+158.0,+6.6,-195.0,+8.4,+202.0,+6.3,-7.0,-0.8,+25.0,-2.7,+41.0,+5.7,+85.0,+1.5,+36.0,+3.2,+85.0,+1.9,-6.0,-3.9,-18.0,-0.6,+41.0,-3.2,+122.0
2,Michigan,,B10,34,31-3,,31,3,,,-0.1118,,-6.1,+40.0,+2.6,+14.0,-0.0276,+12.0,-4.3,+73.0,+4.3,+122.0,+0.7,+41.0,-5.0,+54.0,-5.9,+131.0,-3.4,+2.0,-3.9,+55.0,-1.1,+38.0,-7.3,+115.0,+3.3,+82.0,0.0,+40.0,+4.0,+161.0,-5.4,+59.0,-2.5,-93.0,-2.8,+92.0,-11.5,+1.0
13,Michigan State,,B10,32,25-7,,25,7,,,-0.4479,,+10.8,-19.0,+17.4,+216.0,-0.0774,+30.0,+1.1,-9.0,+11.5,+242.0,-0.9,-27.0,-2.4,-36.0,+0.3,+42.0,+2.4,+60.0,+3.8,-57.0,+7.6,+140.0,-0.6,+30.0,+3.4,+110.0,+3.7,-17.0,+16.4,+209.0,-7.0,+45.0,-7.5,-184.0,+3.9,-189.0,-7.69,+77.0
157,Middle Tennessee,,CUSA,32,17-15,,17,15,,,+0.1355,,-2.1,+30.0,-1.5,-20.0,-0.0158,+13.0,0.0,-43.0,-2.4,-42.0,+3.2,+75.0,+1.4,-161.0,+1.6,-41.0,+5.4,+140.0,+9.5,-174.0,-6.5,-106.0,-6.5,+100.0,-1.8,-20.0,+4.7,-120.0,-2.4,-30.0,+3.1,-14.0,-5.0,-8.0,+2.2,-136.0,+8.34,-69.0
58,Minnesota,,B10,32,15-17,,15,17,,,+0.0312,,+5.5,-25.0,+5.9,+113.0,-0.0181,+19.0,+7.2,-53.0,+1.4,+8.0,+5.2,+136.0,-2.0,+43.0,-1.1,-54.0,+4.6,+89.0,-5.5,+57.0,+1.7,+61.0,+7.0,-30.0,-2.5,-61.0,+4.7,-84.0,+4.4,+20.0,-5.8,+93.0,+1.3,-27.0,-1.9,-39.0,+3.4,+34.0
99,Mississippi State,,SEC,32,13-19,,13,19,,,-0.4062,,-2.9,+47.0,-2.9,-6.0,+0.0056,+4.0,+3.2,-105.0,+5.8,+117.0,+1.8,+87.0,+0.5,-119.0,-4.4,+46.0,-2.9,-88.0,-9.0,+7.0,+5.5,+101.0,+4.4,-51.0,-6.9,-100.0,+0.2,-93.0,+13.6,+139.0,-4.4,+44.0,+7.0,+93.0,+3.2,-52.0,+4.5,+173.0
364,Mississippi Valley St.,,SWAC,33,3-30,,3,30,,,-0.0909,,+7.3,-91.0,+9.0,-40.0,+0.0022,-51.0,+4.3,-167.0,-4.5,-172.0,+1.5,-46.0,-2.7,+65.0,+0.3,-94.0,+1.6,-67.0,+15.6,-181.0,+20.4,-39.0,-3.7,-50.0,-18.2,-310.0,+12.9,-326.0,+10.4,-32.0,+4.5,-130.0,-2.1,-87.0,-2.2,+50.0,+22.9,-46.0
46,Missouri,,SEC,32,20-12,,20,12,,,-0.625,,-5.9,+70.0,-0.9,+20.0,-0.0716,+33.0,-3.2,+84.0,+3.5,+59.0,+1.3,-1.0,-2.8,+41.0,-3.7,+101.0,-2.0,-87.0,-2.7,+67.0,+1.8,+16.0,-4.0,+97.0,+5.2,+143.0,-1.7,+26.0,+1.3,-93.0,-8.0,+51.0,-12.8,-248.0,-0.2,-31.0,-2.0,+170.0
199,Missouri St.,,CUSA,34,16-18,,16,18,,,+0.1294,,+4.5,-45.0,+3.3,+8.0,+0.0312,-20.0,+5.7,-158.0,-1.8,-59.0,-2.9,-78.0,-3.1,+57.0,-5.2,+93.0,+1.8,-32.0,-3.9,+79.0,-4.5,-124.0,+6.1,-113.0,+1.3,-12.0,+3.6,-137.0,-5.7,-127.0,+1.3,-35.0,-2.9,+7.0,-1.2,-23.0,+11.6,+37.0
171,Monmouth,,CAA,34,19-15,,19,15,,,+0.1079,,-0.6,-18.0,-7.1,-71.0,+0.1747,-58.0,-1.4,-41.0,-4.1,-38.0,-1.5,-28.0,+4.8,-24.0,-4.7,+65.0,+6.2,+5.0,+4.9,-124.0,+4.0,+75.0,+4.6,-166.0,-2.1,-1.0,-8.3,+106.0,-4.9,-81.0,+0.8,-68.0,-0.3,+8.0,+0.4,-51.0,+9.53,-96.0
166,Montana,,BSky,34,18-16,,18,16,,,+0.1373,,+5.8,-78.0,-1.7,-8.0,+0.1882,-64.0,+0.5,+15.0,-7.2,-108.0,-1.0,-90.0,-5.7,-8.0,-5.8,-42.0,+1.9,+33.0,+9.1,-82.0,+8.4,+129.0,+2.6,0.0,-3.1,-75.0,-1.4,+72.0,-9.6,-60.0,+2.9,-52.0,-0.5,+17.0,+3.4,-53.0,+9.52,-94.0
128,Montana State,,BSky,32,18-14,,18,14,,,-0.5625,,+3.7,-23.0,+6.6,+90.0,-0.0791,+36.0,-0.5,+14.0,+8.3,+99.0,-5.8,-40.0,-3.8,+38.0,-5.9,+2.0,-13.4,-72.0,-16.4,+18.0,+3.1,+82.0,-9.2,+152.0,+17.4,+134.0,+9.7,-42.0,-9.3,-169.0,-7.8,+111.0,-5.2,+3.0,+1.5,-112.0,+7.3,+33.0
290,Morehead State,,OVC,33,20-13,,20,13,,,-0.1061,,-9.6,+67.0,+2.1,-53.0,-0.1599,+12.0,-8.0,+26.0,-0.6,+24.0,-4.6,-188.0,-1.3,-46.0,-8.0,+173.0,-1.2,-112.0,+9.2,-67.0,-9.6,-140.0,-9.0,+40.0,-8.9,-54.0,-3.9,-40.0,+9.9,+86.0,-2.2,-51.0,-3.6,-50.0,-0.2,-55.0,+8.3,+15.0
354,Morgan St.,,MEAC,30,14-16,,14,16,,,+0.0333,,-9.7,-28.0,-1.0,-73.0,-0.0548,-30.0,-4.5,-45.0,-8.8,-176.0,-3.9,-154.0,+0.2,-70.0,-1.8,+6.0,-2.3,-138.0,-4.6,+89.0,-8.4,-113.0,-1.9,-66.0,-9.1,-218.0,-6.2,-15.0,-6.5,-16.0,+2.1,-93.0,-8.6,+3.0,-2.3,+89.0,+12.1,+16.0
278,Mount St. Mary's,,MAAC,32,15-17,,15,17,,,-0.4688,,-6.3,-32.0,+1.1,+36.0,-0.1347,-1.0,-12.9,+113.0,-5.2,-10.0,-5.8,-169.0,-2.0,-24.0,+10.6,-97.0,+4.2,+100.0,-7.1,+34.0,-6.9,-139.0,-17.7,+146.0,-4.3,+4.0,-2.7,-40.0,-4.3,0.0,-9.8,+128.0,-0.3,-73.0,-4.9,+136.0,+11.6,-28.0
135,Murray State,,MVC,32,20-12,,20,12,,,-0.625,,-12.9,+158.0,+6.5,+22.0,-0.4208,+138.0,-12.5,+233.0,+4.8,+42.0,-7.3,-142.0,+0.5,-106.0,-8.6,+172.0,+2.0,-2.0,+22.8,-72.0,+14.7,+163.0,-14.5,+251.0,+8.5,+122.0,-6.2,+95.0,-5.5,-188.0,-11.5,+175.0,-6.7,+6.0,+8.4,-11.0,+4.6,+60.0
352,NC Central,,MEAC,32,14-18,,14,18,,,+0.0625,,-0.9,-55.0,+1.5,-60.0,-0.0176,-44.0,-1.4,-72.0,-6.3,-210.0,-0.7,-56.0,+0.6,+5.0,+6.2,-116.0,+0.7,-57.0,+2.6,+3.0,+7.3,+35.0,+1.5,-113.0,-6.3,-199.0,-4.4,-11.0,-4.3,-172.0,+2.0,-94.0,-4.7,-103.0,-2.5,+21.0,+11.2,+51.0
322,NJIT,,AE,33,16-17,,16,17,,,+0.0152,,-11.5,-27.0,-6.7,-111.0,-0.0785,-26.0,-0.4,-94.0,-2.0,+3.0,+4.8,+101.0,+2.5,-152.0,+0.3,-94.0,-9.9,-224.0,-14.7,+73.0,-3.6,-100.0,+0.3,-92.0,-1.9,-30.0,-1.1,-123.0,-1.5,+52.0,-2.1,+1.0,-2.5,-72.0,-1.4,+54.0,+11.5,-30.0
148,Navy,,Pat,33,26-7,,26,7,,,-0.2879,,+1.6,-39.0,+15.9,+183.0,-0.3195,+110.0,-0.9,+19.0,+10.3,+244.0,-3.1,-89.0,+2.7,-61.0,+3.8,-47.0,+6.4,+179.0,-0.5,+39.0,-8.9,-4.0,-1.5,+31.0,+4.1,+101.0,+0.1,+38.0,+11.4,+266.0,-0.4,-62.0,+3.3,-50.0,-1.0,-35.0,+3.3,+175.0
20,Nebraska,,B10,32,26-6,,26,6,,,-0.3125,,-4.8,+65.0,+2.3,+17.0,-0.0664,+25.0,-1.8,+53.0,+7.9,+214.0,+1.9,+148.0,+1.6,-16.0,-2.9,-38.0,+4.0,+123.0,+5.5,-170.0,+0.6,+49.0,-2.3,+58.0,+9.8,+174.0,-0.8,+29.0,+4.5,+166.0,+2.0,+8.0,+4.2,-49.0,+0.2,-45.0,-7.2,+31.0
79,Nevada,,MWC,34,22-12,,22,12,,,+0.1029,,-3.0,+58.0,-6.6,-43.0,+0.0728,-21.0,+0.1,-64.0,-5.3,-95.0,+2.6,+166.0,-0.2,-22.0,-1.6,+38.0,-6.8,-18.0,+6.4,+18.0,+9.5,-2.0,+6.5,-213.0,+1.1,+31.0,-9.3,+209.0,-12.4,-177.0,-1.4,-52.0,-9.4,-202.0,+4.2,-193.0,+2.06,-12.0
350,New Hampshire,,AE,30,9-21,,9,21,,,-0.3,,+10.0,-151.0,+14.5,+6.0,-0.0169,-49.0,+8.8,-284.0,+9.8,+31.0,-1.1,-7.0,-5.0,+72.0,-5.1,-29.0,-12.1,-29.0,+0.6,-106.0,-1.8,-48.0,+9.3,-257.0,+1.4,-56.0,+5.5,-236.0,+12.1,+111.0,+2.4,-25.0,+15.9,+211.0,-1.0,+15.0,+15.6,-134.0
53,New Mexico,,MWC,33,23-10,,23,10,,,-0.3637,,+6.3,-33.0,+6.5,+127.0,-0.0159,+21.0,+0.4,+2.0,+3.5,+124.0,-0.6,+48.0,-1.5,+43.0,+11.3,-163.0,+2.5,+91.0,-1.4,+5.0,+16.0,+130.0,-2.4,+65.0,+2.7,-10.0,+3.3,+2.0,+2.6,+143.0,-3.8,+32.0,-1.5,-80.0,-1.4,+57.0,-0.3,+99.0
195,New Mexico State,,CUSA,32,16-16,,16,16,,,+0.25,,-6.7,+62.0,-6.9,-102.0,+0.0012,-9.0,-5.0,-15.0,-4.9,-22.0,+0.4,+96.0,0.0,-112.0,0.0,+30.0,+4.8,+76.0,+11.9,-136.0,+2.3,-60.0,-4.3,-23.0,-4.6,-21.0,-4.6,-12.0,-3.7,0.0,-8.3,+83.0,-5.5,-130.0,+0.6,-60.0,+10.93,-124.0
200,New Orleans,,Slnd,33,15-18,,15,18,,,+0.0455,,-4.5,+48.0,+0.5,-6.0,-0.1275,+21.0,-5.6,+24.0,+5.8,+169.0,-3.4,-144.0,+7.6,-284.0,+2.1,+18.0,-2.8,-147.0,+6.4,+18.0,-8.1,-172.0,-5.9,+42.0,+3.2,+103.0,-3.7,-47.0,+6.2,+161.0,-4.1,-18.0,+1.7,+15.0,-2.9,+117.0,+9.8,-23.0
247,Nicholls St.,,Slnd,33,14-19,,14,19,,,+0.0758,,-3.9,-1.0,-4.5,-80.0,+0.007,-32.0,-1.5,-7.0,-1.0,-95.0,+3.3,+68.0,+1.0,+2.0,+5.2,-148.0,-1.5,-125.0,-10.0,+76.0,-9.5,-180.0,+3.7,-114.0,-8.7,-246.0,-7.7,+64.0,+5.8,+43.0,-8.4,+125.0,+7.4,+113.0,-3.7,+122.0,+12.1,-94.0
331,Norfolk State,,MEAC,32,15-17,,15,17,,,-0.4688,,+4.9,-113.0,+13.2,-20.0,-0.0638,-28.0,-0.1,-78.0,+7.1,+95.0,-0.7,-72.0,+0.6,-10.0,+3.7,-21.0,+0.5,-68.0,-7.4,+120.0,+10.3,-37.0,+6.1,-204.0,+1.5,-45.0,-10.7,+134.0,+10.5,+227.0,-2.7,-48.0,-4.6,-124.0,+2.6,-85.0,+11.5,+51.0
27,North Carolina,,ACC,32,24-8,,24,8,,,-0.75,,-1.8,+28.0,+4.7,+89.0,-0.0813,+38.0,+0.7,+10.0,+4.6,+159.0,+3.9,+209.0,-2.4,-50.0,-7.2,+122.0,+1.1,+58.0,-19.0,+187.0,+6.8,+107.0,-1.7,+51.0,+4.6,+129.0,+2.5,-61.0,+2.8,+3.0,+5.1,-76.0,+4.2,+109.0,+1.4,-54.0,-5.37,+87.0
311,North Carolina A&T,,CAA,30,11-19,,11,19,,,-0.3667,,-11.4,+42.0,+7.4,-18.0,-0.176,+8.0,-6.9,+80.0,+5.2,+24.0,+0.9,-31.0,+1.3,-160.0,+5.4,-72.0,+4.7,+120.0,+7.7,-1.0,-0.4,-56.0,-6.8,+105.0,+2.1,+23.0,-6.6,-22.0,+6.9,-34.0,-11.3,+3.0,-1.0,+4.0,+0.7,-24.0,+14.2,-31.0
38,North Carolina State,,ACC,33,20-13,,20,13,,,-0.2728,,+9.9,-12.0,+13.2,+171.0,-0.0616,+33.0,+2.4,-10.0,+7.4,+32.0,+0.7,+89.0,-3.9,+119.0,-0.1,-58.0,+2.0,+16.0,+17.3,-148.0,-8.4,-150.0,-4.6,+86.0,+4.0,+28.0,+8.9,-5.0,+7.6,+12.0,-3.8,+54.0,+0.2,-67.0,+0.6,-11.0,-1.04,+117.0
267,North Dakota,,Sum,35,18-17,,18,17,,,+0.1524,,-2.6,+9.0,-15.9,-243.0,+0.3388,-144.0,+3.1,-162.0,-7.1,-219.0,-1.4,+27.0,-2.1,+60.0,-9.7,+26.0,-0.9,-104.0,+3.5,-27.0,0.0,-81.0,+2.5,-118.0,-4.0,-158.0,+2.6,-136.0,-7.7,-242.0,+1.9,-45.0,-0.9,-68.0,-1.8,+36.0,+10.86,-128.0
114,North Dakota State,,Sum,34,27-7,,27,7,,,+0.2059,,-5.9,+82.0,-13.6,-110.0,+0.1836,-52.0,-3.4,+86.0,-8.5,-168.0,-1.6,-1.0,-0.1,+2.0,-1.1,+55.0,-6.5,+1.0,+1.7,-97.0,+4.0,+93.0,-3.2,+65.0,-9.7,-195.0,-2.4,+66.0,-4.8,-67.0,+0.2,-17.0,+11.0,-9.0,0.0,-41.0,+3.59,-35.0
140,North Texas,,Amer,33,19-14,,19,14,,,-0.0758,,-1.2,-43.0,-9.9,-32.0,+0.2264,-60.0,-5.2,-39.0,-2.7,+15.0,-5.6,-154.0,-2.2,+46.0,-7.2,+150.0,-10.9,-243.0,+11.9,-38.0,+17.5,-29.0,-5.0,-30.0,-1.4,+8.0,-3.7,-81.0,-2.6,+46.0,+0.1,-69.0,+7.5,+115.0,+2.5,-156.0,+6.99,-45.0
293,Northeastern,,CAA,31,7-24,,7,24,,,+0.2742,,+5.2,-71.0,+2.1,-58.0,+0.0696,-71.0,+0.8,-37.0,-5.4,-182.0,-3.6,-102.0,+2.4,-115.0,+5.6,-163.0,+8.5,+124.0,+6.6,-184.0,+21.0,+2.0,+1.4,-9.0,-9.1,-241.0,-0.4,-49.0,+2.1,-61.0,-1.8,-16.0,-7.6,-22.0,+1.6,-19.0,+18.4,-145.0
318,Northern Arizona,,BSky,32,10-22,,10,22,,,-0.3125,,-19.4,+84.0,-3.2,-96.0,-0.1662,+4.0,-3.6,+57.0,-8.5,-244.0,-2.4,-47.0,0.0,-62.0,-9.5,-25.0,+14.2,+20.0,+1.5,-91.0,+11.6,+152.0,+8.1,-180.0,-11.9,-290.0,-15.6,+235.0,+0.2,-115.0,+0.3,-55.0,-10.5,-161.0,+4.5,-224.0,+15.8,-62.0
138,Northern Colorado,,BSky,32,20-12,,20,12,,,-0.625,,+6.5,-43.0,+22.6,+118.0,-0.3398,+112.0,-5.0,+134.0,+10.2,+191.0,-10.0,-89.0,-0.3,-93.0,+0.3,-84.0,-0.9,+40.0,+4.9,-156.0,+12.9,+26.0,-4.8,+104.0,+9.9,+97.0,-4.2,+81.0,+7.4,+209.0,-4.9,+48.0,+1.2,+78.0,+3.8,-96.0,+6.2,+75.0
341,Northern Illinois,,MAC,30,9-21,,9,21,,,-0.3,,-6.1,-45.0,+5.6,-5.0,-0.085,-25.0,-5.4,-24.0,+19.8,-16.0,-4.5,-147.0,+1.0,-107.0,-17.5,+137.0,-2.0,-53.0,-17.6,+204.0,-17.2,-238.0,+4.6,-172.0,-3.0,-143.0,-11.7,-5.0,+30.4,+13.0,-0.2,+16.0,+9.7,+165.0,-1.2,+24.0,+14.91,-192.0
70,Northern Iowa,,MVC,35,23-12,,23,12,,,+0.3429,,+13.4,-114.0,+3.4,+61.0,+0.1232,-39.0,+7.6,-54.0,-1.4,+42.0,+2.0,+151.0,-2.8,+83.0,+6.9,-173.0,+1.9,+86.0,+3.8,-132.0,+3.7,+89.0,+7.2,-35.0,-5.0,-54.0,+5.6,-94.0,+2.4,+134.0,-1.4,-13.0,-2.3,-82.0,+0.1,-64.0,+6.0,-80.0
179,Northern Kentucky,,Horz,34,20-14,,20,14,,,-0.0882,,+17.1,-137.0,+9.7,+68.0,+0.1731,-60.0,+2.9,-51.0,+5.2,-13.0,-3.1,-85.0,-5.4,+179.0,+7.8,-83.0,-11.2,-203.0,+3.0,-54.0,+9.2,+40.0,-6.7,+162.0,+7.2,+31.0,+11.5,-184.0,+0.5,-114.0,-6.0,+88.0,-6.8,-78.0,+4.8,-37.0,+8.9,-43.0
63,Northwestern,,B10,34,15-19,,15,19,,,+0.0588,,+3.6,-13.0,+3.8,+84.0,-0.012,+18.0,+3.2,-95.0,+5.6,+105.0,0.0,+56.0,+1.8,-73.0,+4.9,-139.0,-0.7,-100.0,-3.4,-2.0,+0.2,-1.0,+2.4,-47.0,+5.7,+85.0,+3.1,-135.0,+3.6,+72.0,-0.2,-49.0,-3.1,-71.0,-3.5,+14.0,+3.84,-33.0
305,Northwestern State,,Slnd,32,10-22,,10,22,,,-0.3125,,-20.6,+11.0,-7.6,-134.0,-0.1722,+7.0,-12.9,+27.0,-3.0,-121.0,+5.5,+32.0,+3.5,-127.0,+11.7,-267.0,+2.9,-31.0,-5.4,+96.0,-18.1,-207.0,-21.1,+20.0,+2.7,+5.0,-2.8,-17.0,-9.2,-228.0,+13.0,-235.0,-3.4,-27.0,-6.7,+15.0,+15.4,-59.0
97,Notre Dame,,ACC,31,13-18,,13,18,,,-0.4194,,-11.7,+147.0,-4.4,-40.0,-0.1802,+69.0,-7.9,+148.0,-10.0,-190.0,-2.4,-77.0,-2.0,-60.0,-15.3,+159.0,-3.6,+15.0,-0.2,-43.0,+38.3,+114.0,-10.7,+108.0,-1.7,-92.0,-4.2,+103.0,-11.8,-123.0,+13.0,-89.0,+3.5,-51.0,+10.8,-252.0,+4.9,+46.0
226,Ohio,,MAC,32,15-17,,15,17,,,-0.4688,,+9.0,-98.0,+9.0,+25.0,+0.0095,-25.0,+3.0,-117.0,+3.3,-7.0,-3.2,-58.0,-7.7,+101.0,-2.7,-8.0,-1.8,-132.0,+7.3,-75.0,+16.5,+45.0,+0.2,+22.0,+3.0,+35.0,+5.1,-233.0,+2.3,-91.0,+3.8,-89.0,+2.3,+96.0,+0.6,-18.0,+9.9,+76.0
23,Ohio State,,B10,33,21-12,,21,12,,,+0.0303,,+7.6,-1.0,-2.1,+13.0,+0.0481,-12.0,+1.6,+4.0,+6.5,+151.0,+0.2,+74.0,+0.3,-88.0,-7.0,+95.0,-6.3,-107.0,+2.5,-20.0,+8.1,+83.0,+2.3,+9.0,+6.4,+62.0,+0.8,+32.0,+4.1,+145.0,+4.1,-77.0,-2.5,-62.0,-1.4,-1.0,-2.0,-13.0
40,Oklahoma,,SEC,34,19-15,,19,15,,,+0.1912,,+3.8,+5.0,-6.7,-64.0,+0.0806,-27.0,-1.0,+40.0,-2.6,-53.0,-2.5,0.0,-0.8,-61.0,-0.3,+36.0,-1.0,-118.0,+2.6,-50.0,-0.3,-1.0,+1.9,+9.0,-3.7,-63.0,-3.8,+131.0,-0.9,-36.0,-6.5,+83.0,+5.4,+73.0,-0.5,-31.0,+1.67,-39.0
75,Oklahoma State,,B12,33,19-14,,19,14,,,-0.2425,,+16.7,-45.0,+5.5,+84.0,+0.1297,-39.0,-1.8,+27.0,+4.2,+12.0,-3.5,-77.0,-4.5,+64.0,+7.4,-102.0,+3.8,+50.0,-2.4,+57.0,-5.7,-44.0,+1.2,-30.0,+5.0,+44.0,-5.0,+39.0,+2.0,-51.0,-1.5,-21.0,-2.3,-92.0,-1.6,+44.0,+0.38,+43.0
64,Ole Miss,,SEC,35,15-20,,15,20,,,+0.1714,,-2.4,+50.0,-11.4,-45.0,+0.1302,-40.0,+0.2,-58.0,-3.9,-51.0,-0.7,+54.0,-2.6,+27.0,-5.0,+23.0,-3.3,-158.0,-6.4,+23.0,-0.8,-77.0,+1.9,-77.0,-2.5,-29.0,-2.8,-17.0,-3.8,-35.0,-6.4,+27.0,+1.4,-31.0,+1.9,-118.0,+5.1,-68.0
238,Omaha,,Sum,33,16-17,,16,17,,,+0.0152,,-13.0,+73.0,-7.9,-137.0,-0.1319,+22.0,-8.6,+154.0,-8.4,-210.0,-3.3,-89.0,-2.8,-38.0,-9.6,-16.0,+3.4,+90.0,-0.6,-34.0,+1.4,+27.0,+1.4,-28.0,-11.7,-284.0,-12.8,+138.0,-3.1,+5.0,+6.8,-96.0,+0.8,-65.0,-1.5,+23.0,+11.6,-90.0
301,Oral Roberts,,Sum,33,10-23,,10,23,,,-0.303,,-3.5,-23.0,-2.3,-68.0,-0.0279,-40.0,+1.3,-105.0,-7.3,-212.0,+6.9,+29.0,-2.8,-30.0,+4.9,-139.0,+5.4,+38.0,-2.1,-7.0,-10.7,-207.0,-9.9,+95.0,-5.9,-142.0,+5.1,-194.0,-6.6,-221.0,+21.7,-53.0,+2.2,+74.0,+0.4,-35.0,+16.8,-160.0
90,Oregon,,B10,32,12-20,,12,20,,,+0.125,,+6.0,-39.0,+7.8,+139.0,-0.0504,+26.0,+2.3,-141.0,+0.4,+28.0,-5.1,-195.0,-0.9,-46.0,-8.5,+157.0,+3.6,-9.0,+2.6,-57.0,-2.4,-3.0,+2.6,-106.0,+5.6,+92.0,+1.2,-135.0,-2.9,-17.0,-1.5,+6.0,+9.2,+35.0,-1.1,-14.0,+5.84,-26.0
163,Oregon State,,WCC,33,17-16,,17,16,,,-0.0152,,-1.6,+21.0,-4.2,-56.0,+0.0713,-24.0,-2.3,0.0,-0.3,+27.0,+2.4,+29.0,-0.6,-69.0,+3.2,-142.0,+0.7,-56.0,-14.3,+214.0,-5.3,-76.0,-3.6,-23.0,-1.0,-8.0,-0.3,+3.0,+0.4,+50.0,-0.2,+10.0,-4.7,-123.0,-0.6,-43.0,+7.45,-79.0
107,Pacific,,WCC,33,18-15,,18,15,,,-0.0455,,+1.4,-3.0,+1.3,+46.0,+0.0023,+5.0,-6.0,+118.0,-0.9,+26.0,-3.1,-146.0,+2.7,-195.0,+3.4,+4.0,+9.7,+232.0,-8.5,-5.0,-5.9,-110.0,-8.0,+84.0,-9.2,-43.0,-2.5,+70.0,+4.6,+27.0,+7.9,-166.0,+7.2,+8.0,-3.5,-5.0,+6.65,-60.0
147,Penn,,Ivy,29,18-11,,18,11,,,+0.3793,,+2.2,-40.0,-8.2,-68.0,+0.2536,-69.0,+0.7,-83.0,-2.8,-73.0,-0.4,+49.0,+5.1,-100.0,-3.8,+34.0,+3.4,+44.0,-12.9,+116.0,-8.7,-12.0,-2.5,-61.0,-2.6,-126.0,+3.2,+11.0,-2.0,+59.0,+3.3,-109.0,+0.5,+2.0,-0.4,+16.0,+6.5,-90.0
141,Penn State,,B10,32,12-20,,12,20,,,-0.375,,-13.8,+164.0,-2.7,-41.0,-0.2819,+91.0,-2.5,+58.0,-5.8,-165.0,+4.7,+175.0,-6.4,+176.0,-5.6,-24.0,-4.1,-119.0,+1.2,-68.0,+6.7,+131.0,+1.1,+23.0,-1.8,-105.0,-6.1,0.0,-8.8,-246.0,-1.2,-24.0,-8.3,-204.0,+0.4,-35.0,+5.9,+155.0
254,Pepperdine,,WCC,32,9-23,,9,23,,,-0.2812,,-7.7,+43.0,+2.0,-26.0,-0.1765,+22.0,-6.2,-17.0,+0.9,-61.0,-3.9,-168.0,+0.8,-87.0,+10.5,-193.0,-0.7,-108.0,-8.1,+50.0,+7.1,+139.0,-7.5,+1.0,-2.5,-133.0,-2.8,-82.0,+5.7,-6.0,+0.8,-39.0,-11.5,-178.0,-0.3,+1.0,+14.2,-74.0
102,Pittsburgh,,ACC,33,13-20,,13,20,,,+0.2728,,+10.0,-69.0,+1.8,+49.0,+0.1429,-36.0,+2.2,-102.0,+4.0,-5.0,-1.2,-45.0,-2.7,+22.0,+2.7,+6.0,-4.8,-24.0,+0.6,-93.0,0.0,+34.0,+7.0,-136.0,0.0,-60.0,-3.4,+1.0,+6.6,+25.0,-2.4,+18.0,+0.4,-27.0,-2.4,-26.0,+7.64,-104.0
189,Portland,,WCC,34,15-19,,15,19,,,+0.2255,,-1.8,-4.0,-5.6,-62.0,+0.1024,-44.0,+0.5,-59.0,-7.5,-197.0,-1.2,-96.0,-5.3,+129.0,+1.3,-89.0,+1.9,-45.0,-4.3,+20.0,-4.0,-31.0,-0.2,+32.0,-4.6,-88.0,+0.1,-141.0,-7.2,-217.0,-6.5,+30.0,-0.4,-72.0,+0.1,-12.0,+10.0,-93.0
158,Portland St.,,BSky,31,20-11,,20,11,,,-0.1452,,-2.4,-32.0,+5.3,+102.0,-0.2027,+62.0,-9.9,+103.0,+7.9,+209.0,-9.4,-183.0,+2.4,-64.0,-2.8,+12.0,-6.4,-4.0,+23.4,-121.0,+5.3,-47.0,-5.8,+66.0,+8.1,+191.0,-11.7,+63.0,+5.2,+149.0,+0.3,-64.0,+6.5,+78.0,+5.9,-144.0,+5.5,+56.0
281,Prairie View A&M,,SWAC,35,18-17,,18,17,,,+0.4857,,+1.3,-72.0,-13.2,-182.0,+0.37,-156.0,+2.8,-153.0,-11.1,-121.0,-1.7,-18.0,-3.0,+98.0,+0.9,-93.0,-1.5,-123.0,-7.0,+115.0,-4.6,-118.0,-0.4,-88.0,-10.1,-71.0,+6.6,-170.0,-8.7,-200.0,+0.6,-77.0,-6.5,+2.0,-6.0,+218.0,+12.91,-212.0
282,Presbyterian,,BSth,33,15-18,,15,18,,,+0.0455,,-0.2,-56.0,-1.9,-49.0,+0.0372,-56.0,+4.7,-140.0,-4.9,-95.0,-0.4,-76.0,+0.5,-100.0,-3.9,+89.0,+5.1,+74.0,-11.7,+176.0,+17.4,+71.0,+2.5,-63.0,+0.7,+31.0,+6.9,-235.0,-9.2,-189.0,+3.7,-99.0,+1.9,+69.0,+2.7,-157.0,+12.9,-93.0
250,Princeton,,Ivy,29,9-20,,9,20,,,-0.3103,,-21.2,+77.0,-10.0,-159.0,-0.2245,+41.0,-5.5,+23.0,-1.2,-50.0,+3.9,+90.0,-3.8,-21.0,-12.5,+34.0,+0.9,+46.0,-11.1,+87.0,+6.7,+91.0,+3.6,-145.0,-0.4,-89.0,-8.9,+100.0,-2.5,+41.0,+10.4,-62.0,-5.8,-134.0,+5.4,-251.0,+14.3,-164.0
74,Providence,,BE,33,15-18,,15,18,,,-0.1212,,-5.4,+62.0,-3.3,-44.0,-0.0338,+22.0,+2.6,-18.0,-0.4,-13.0,+2.3,+83.0,0.0,-104.0,-5.7,+103.0,-1.7,-69.0,-5.1,+63.0,-6.3,-55.0,-4.4,+126.0,+3.8,+93.0,+8.7,-32.0,-6.5,-174.0,-0.4,-14.0,-9.1,-112.0,+1.4,+2.0,+4.69,-3.0
8,Purdue,,B10,35,27-8,,27,8,,,+0.0286,,+12.1,0.0,+2.3,+64.0,+0.0186,-5.0,-1.5,+32.0,+3.7,+27.0,-2.1,+11.0,-2.6,+4.0,+5.9,-4.0,+2.7,+100.0,+2.0,-124.0,-5.4,+11.0,-0.1,+34.0,+1.0,-35.0,-2.4,+86.0,+4.8,+53.0,-0.2,-12.0,-1.4,-89.0,-2.8,-10.0,-7.0,+1.0
198,Queens,,ASun,34,21-13,,21,13,,,+0.3824,,+0.2,+20.0,-10.7,-169.0,+0.2658,-99.0,-0.1,+23.0,-6.6,-208.0,+0.7,+106.0,+0.5,-122.0,-1.5,0.0,+1.9,-56.0,-3.5,+31.0,-10.0,-190.0,-7.0,+139.0,-4.9,-162.0,+5.2,-35.0,-6.2,-186.0,+0.1,+27.0,-0.7,-19.0,+1.3,-21.0,+7.37,-97.0
220,Quinnipiac,,MAAC,32,19-13,,19,13,,,-0.5938,,+4.9,-94.0,+8.1,+95.0,-0.067,-4.0,-5.3,-19.0,-1.9,+24.0,+1.9,+106.0,-3.7,+97.0,+2.9,+1.0,+2.9,-6.0,+17.0,-192.0,+0.7,+44.0,-11.8,-11.0,-10.4,-28.0,+6.0,-133.0,+15.1,+78.0,-2.0,-40.0,-8.5,-35.0,+4.2,-29.0,+7.7,+65.0
241,Radford,,BSth,32,16-16,,16,16,,,-0.5,,+0.3,-25.0,+4.1,-9.0,-0.0768,0.0,-7.5,+102.0,+4.4,+9.0,-3.3,-111.0,+0.3,-12.0,+9.8,-165.0,+0.1,-76.0,+7.6,+1.0,-16.5,-254.0,-3.5,+55.0,+2.2,-4.0,-9.4,+95.0,+6.6,+13.0,-5.1,+83.0,-10.0,-91.0,+3.8,-19.0,+10.9,+28.0
152,Rhode Island,,A10,32,16-16,,16,16,,,-0.5,,-9.9,+35.0,-0.6,+30.0,-0.2516,+79.0,-2.4,-3.0,-5.5,-80.0,+4.9,-7.0,-6.6,+191.0,-5.6,+85.0,+4.3,+21.0,-23.4,+227.0,0.0,-80.0,-15.3,+183.0,-4.0,-23.0,+6.2,-235.0,-5.2,-124.0,+11.6,-86.0,-0.8,-53.0,-2.7,+26.0,+7.9,+114.0
211,Rice,,Amer,31,13-18,,13,18,,,+0.5806,,+1.1,-12.0,-4.2,-81.0,+0.1367,-59.0,-2.3,-52.0,-10.3,-152.0,-12.1,-259.0,-8.4,+85.0,+4.7,-10.0,+1.6,-62.0,-16.0,+93.0,-7.5,-167.0,+10.1,-273.0,-8.1,-112.0,-8.2,+106.0,-9.0,-153.0,+14.9,-79.0,+4.5,+121.0,+2.0,-132.0,+12.31,-183.0
168,Richmond,,A10,32,15-17,,15,17,,,-0.4688,,+7.7,-65.0,+5.4,+34.0,+0.0556,-22.0,+7.2,-102.0,+3.6,+37.0,+2.1,+159.0,+0.2,-39.0,-6.0,-38.0,+5.8,+73.0,-13.3,+148.0,+4.2,+50.0,+8.8,-194.0,+14.9,+23.0,+3.3,+7.0,-3.4,+5.0,+6.5,-86.0,+8.6,-24.0,-3.3,+89.0,+9.3,+84.0
151,Robert Morris,,Horz,33,22-11,,22,11,,,-0.6667,,-7.5,+86.0,-0.2,+11.0,-0.1929,+59.0,-4.0,+104.0,-3.5,-21.0,+5.2,+17.0,-3.2,+28.0,0.0,+44.0,+12.4,+216.0,+1.6,-115.0,-1.5,-79.0,+9.0,-88.0,-5.0,-59.0,-15.3,+284.0,+0.1,+26.0,0.0,-19.0,-9.7,-58.0,-2.8,-13.0,+5.8,+93.0
117,Rutgers,,B10,33,14-19,,14,19,,,+0.0758,,+2.6,-13.0,-9.3,-87.0,+0.2364,-73.0,+3.3,-175.0,-0.7,-72.0,-1.2,+34.0,+1.1,-69.0,-7.4,+82.0,-3.1,-161.0,-9.6,+110.0,+8.7,+146.0,-0.7,-84.0,+4.3,+34.0,+7.7,-208.0,-6.3,-189.0,-1.4,-32.0,-3.1,-42.0,+4.1,-174.0,+5.4,-43.0
266,Sacramento St.,,BSky,31,10-21,,10,21,,,-0.3226,,-37.2,+93.0,-17.4,-254.0,-0.2718,+61.0,-18.8,-8.0,-14.2,-323.0,-1.1,+35.0,+0.2,-44.0,-9.3,-19.0,+0.7,-75.0,-6.7,+115.0,-5.4,-98.0,-17.7,-10.0,-6.8,-211.0,-14.3,+34.0,-14.0,-250.0,-4.7,+14.0,+7.1,-9.0,-2.5,+81.0,+13.9,-102.0
297,Sacred Heart,,MAAC,33,14-19,,14,19,,,+0.0758,,-1.0,-9.0,+1.4,-62.0,-0.0417,-32.0,+0.8,-45.0,-1.5,-95.0,-0.7,-47.0,-2.1,-52.0,-4.9,+27.0,+4.2,+53.0,-0.8,-64.0,-7.5,-5.0,+10.1,-214.0,+1.5,-45.0,-4.0,+107.0,-3.1,-88.0,+8.7,-6.0,+3.4,-31.0,-2.6,+88.0,+14.4,-123.0
98,Saint Joseph's,,A10,33,22-11,,22,11,,,0.0,,+5.5,-64.0,+7.1,+135.0,-0.0478,+23.0,+2.8,-159.0,+0.5,+70.0,-1.5,-36.0,-3.4,+8.0,+2.3,-32.0,+0.7,-21.0,+10.3,-216.0,-3.3,+23.0,-2.9,+36.0,+2.0,+88.0,+6.9,-247.0,-1.0,+70.0,-4.0,+65.0,+1.8,+17.0,-1.7,+58.0,+3.79,-11.0
43,Saint Louis,,A10,33,28-5,,28,5,,,-0.5152,,-9.6,+107.0,+7.9,+142.0,-0.362,+129.0,-9.7,+168.0,+6.8,+179.0,+2.5,+52.0,-2.5,+10.0,-5.6,+89.0,+8.1,+212.0,-2.0,-11.0,-3.5,-93.0,-3.1,+63.0,+7.4,+162.0,-11.2,+209.0,+4.1,+161.0,+3.7,-24.0,+3.0,-2.0,-1.7,+68.0,-2.9,+239.0
25,Saint Mary's,,WCC,32,27-5,,27,5,,,-0.8438,,+3.0,-6.0,+8.2,+115.0,-0.0676,+26.0,-2.9,+62.0,+10.6,+255.0,-0.2,+24.0,-8.7,+54.0,-0.1,+46.0,+2.5,+75.0,-0.6,-12.0,-3.1,+22.0,+2.7,-116.0,+4.8,+133.0,-8.6,+190.0,+12.8,+262.0,+0.9,-64.0,+3.5,+99.0,-5.2,+36.0,-4.41,+72.0
240,Saint Peter's,,MAAC,29,17-12,,17,12,,,-0.5862,,-15.1,+36.0,+2.6,+23.0,-0.2734,+70.0,-4.6,-44.0,+1.1,+86.0,+4.0,+56.0,-1.4,+37.0,-2.0,+80.0,+11.6,-6.0,-2.8,+14.0,-10.9,-182.0,-7.3,-28.0,-1.5,+21.0,+0.6,-137.0,+4.7,+146.0,-4.2,+33.0,-4.9,-9.0,-0.7,-37.0,+7.5,+96.0
106,Sam Houston St.,,CUSA,33,22-11,,22,11,,,-0.4167,,-7.9,+103.0,+0.2,+16.0,-0.2035,+75.0,-5.9,+119.0,+4.8,+95.0,-1.4,-25.0,+1.1,-101.0,+3.2,+18.0,-4.4,-87.0,-2.4,+1.0,-4.1,-98.0,-5.7,+30.0,+1.3,-24.0,-4.0,+113.0,+6.2,+165.0,-1.4,-22.0,+4.8,+13.0,-0.1,+26.0,+3.0,+219.0
232,Samford,,SC,32,18-14,,18,14,,,-0.5625,,+9.0,-103.0,+13.8,+26.0,-0.0828,+3.0,+7.8,-89.0,+3.7,+41.0,+2.5,+163.0,-2.9,-43.0,-6.5,-27.0,+2.9,+96.0,-7.4,+124.0,+1.0,+25.0,+1.0,-25.0,-6.4,-76.0,+9.2,-68.0,+15.9,0.0,+7.0,-31.0,-2.0,+14.0,+3.3,-131.0,+8.9,+27.0
213,San Diego,,WCC,33,12-21,,12,21,,,+0.1364,,+0.9,-11.0,-12.0,-183.0,+0.3293,-118.0,-4.6,+57.0,-9.3,-267.0,+2.1,+39.0,-3.4,+110.0,+4.7,-133.0,-7.0,-226.0,+6.2,-159.0,-11.3,-204.0,-7.2,+66.0,-4.3,-148.0,-1.3,-6.0,-13.8,-93.0,+2.9,-29.0,-6.2,-119.0,-7.0,+185.0,+12.8,-136.0
44,San Diego State,,MWC,33,22-11,,22,11,,,+0.0833,,-4.9,+71.0,-1.6,+5.0,-0.044,+28.0,-1.3,+16.0,-0.4,+55.0,+1.7,+39.0,-5.0,+155.0,+1.7,-72.0,-1.5,-67.0,+10.3,-48.0,-7.5,-155.0,+2.4,-39.0,-3.0,+14.0,-5.7,+76.0,+2.8,+47.0,+0.2,-61.0,-6.9,-161.0,0.0,-6.0,+0.57,-14.0
124,San Francisco,,WCC,33,17-16,,17,16,,,-0.0152,,+4.8,-21.0,+1.3,+19.0,+0.0794,-18.0,-1.2,-13.0,+2.3,+66.0,-3.8,-82.0,+8.4,-320.0,+9.7,-122.0,+4.8,+123.0,-0.6,+40.0,-5.9,-7.0,-1.5,-20.0,+2.2,+60.0,-0.7,-11.0,+1.6,+6.0,+1.5,+7.0,+1.0,+65.0,+1.1,-93.0,+6.3,+25.0
214,San Jose St.,,MWC,33,9-24,,9,24,,,+0.0606,,+11.5,-76.0,+5.9,-18.0,+0.1355,-60.0,+5.9,-193.0,+0.4,-82.0,-3.0,-27.0,+0.2,-38.0,+1.0,-67.0,+10.1,-29.0,+9.0,-159.0,-4.0,-68.0,+10.7,-272.0,+1.2,-69.0,-1.4,+41.0,-1.1,-115.0,-1.8,-12.0,-4.1,-70.0,+1.5,-111.0,+13.0,-7.0
28,Santa Clara,,WCC,34,26-8,,26,8,,,-0.098,,+11.4,-10.0,+6.7,+127.0,+0.0232,-3.0,-2.3,+61.0,+0.9,-2.0,-3.5,-68.0,-5.2,+166.0,+3.0,+20.0,+7.5,+35.0,-9.1,-45.0,-4.8,-123.0,-7.0,+158.0,+1.5,-22.0,+1.9,-38.0,+0.3,+42.0,+4.5,-31.0,+4.9,+99.0,-7.7,+234.0,-1.5,-9.0
104,Seattle,,WCC,33,20-13,,20,13,,,-0.1061,,-9.3,+10.0,-3.8,-6.0,-0.1477,+55.0,-6.8,+22.0,-1.6,+38.0,+2.1,+61.0,-0.4,+18.0,-1.4,-65.0,-1.4,-93.0,+5.1,-100.0,-8.4,-77.0,-3.0,-25.0,-8.2,-35.0,-8.2,+43.0,+4.6,+132.0,+1.6,-52.0,+6.0,+130.0,-3.7,+110.0,+4.8,+38.0
60,Seton Hall,,BE,33,21-12,,21,12,,,-0.3031,,+4.0,-44.0,+3.0,+37.0,+0.0091,+13.0,-3.7,-40.0,+3.0,+126.0,-2.7,-68.0,-5.0,+113.0,-1.7,+72.0,-3.3,-138.0,+0.8,-34.0,+1.7,-61.0,-2.3,-50.0,+9.0,+212.0,-6.1,-41.0,-3.6,+5.0,-4.0,-41.0,-0.9,-63.0,-0.1,-65.0,-0.08,+42.0
186,Siena,,MAAC,34,23-11,,23,11,,,+0.3235,,+1.8,-29.0,-13.1,-150.0,+0.3615,-116.0,-4.6,+50.0,-9.8,-51.0,+1.0,+69.0,-5.9,+154.0,+4.7,-53.0,+0.7,+40.0,+5.1,-103.0,-9.1,-15.0,-9.9,+152.0,-13.1,-45.0,+4.1,-212.0,-3.1,+8.0,+3.7,-117.0,+0.1,-1.0,-0.7,-45.0,+8.07,-109.0
196,South Alabama,,SB,32,21-11,,21,11,,,-0.6562,,+15.9,-163.0,+25.2,+132.0,-0.1806,+40.0,+3.0,-63.0,+27.9,+230.0,+0.2,+71.0,+1.1,-40.0,+15.8,-306.0,-8.2,-170.0,+6.7,-19.0,+7.4,+126.0,-8.1,+151.0,+24.1,+190.0,+18.1,-146.0,+19.3,+207.0,-5.5,+32.0,+20.3,-37.0,0.0,-68.0,+6.6,+106.0
100,South Carolina,,SEC,32,13-19,,13,19,,,+0.0938,,+3.6,-17.0,-5.2,-33.0,+0.1658,-51.0,-0.7,-39.0,+4.6,+64.0,+3.2,+188.0,-0.8,-96.0,+8.1,-195.0,-10.7,-228.0,-6.3,+75.0,+3.1,+45.0,-5.8,+112.0,+8.4,+43.0,+3.4,-193.0,-1.0,+70.0,+6.0,-50.0,+1.3,+71.0,0.0,-38.0,+6.18,-68.0
353,South Carolina St.,,MEAC,32,10-22,,10,22,,,+0.3542,,+4.2,-95.0,-9.6,-156.0,+0.2022,-126.0,+4.3,-203.0,-8.9,-247.0,+1.1,-46.0,+2.2,-34.0,+3.8,-50.0,0.0,-75.0,+0.6,+31.0,+3.1,-53.0,+3.4,-134.0,-8.6,-245.0,+3.7,-94.0,-6.8,-96.0,+1.6,-92.0,-3.4,-47.0,+3.9,-83.0,+16.6,-137.0
277,South Dakota,,Sum,32,16-16,,16,16,,,-0.5,,-8.5,+30.0,+3.5,-22.0,-0.1796,+15.0,-11.6,+80.0,-2.8,-132.0,-7.3,-160.0,-8.2,+94.0,+6.1,-144.0,-6.1,-118.0,-10.8,+156.0,+1.2,+43.0,-20.1,+103.0,+4.9,-25.0,-0.2,-94.0,-7.6,-158.0,+7.9,-157.0,+14.1,+248.0,-5.0,+190.0,+10.7,+22.0
222,South Dakota State,,Sum,32,14-18,,14,18,,,-0.4375,,+1.4,-24.0,+3.8,+7.0,-0.0555,-11.0,-9.1,+147.0,+12.0,+111.0,+2.6,+109.0,-2.1,-52.0,+12.9,-175.0,-9.1,-5.0,-7.5,-28.0,+18.7,+144.0,+0.2,-13.0,+7.6,+71.0,-13.3,+142.0,+10.3,+114.0,+7.2,-119.0,+10.4,-31.0,-3.7,+84.0,+11.9,-85.0
50,South Florida,,Amer,33,25-8,,25,8,,,+0.2424,,+0.4,+14.0,-5.6,-18.0,+0.0749,-22.0,+0.2,-60.0,-4.4,-12.0,-1.6,+14.0,-0.3,+7.0,+1.3,+37.0,+2.0,-20.0,-9.6,+156.0,-4.6,-120.0,-0.9,+5.0,+1.9,+82.0,+1.1,-95.0,-9.4,-144.0,-1.1,+13.0,-0.3,-10.0,+0.4,+15.0,+1.06,-30.0
251,Southeast Missouri St.,,OVC,33,20-13,,20,13,,,-0.1061,,-6.5,-16.0,-3.8,-44.0,-0.0694,-6.0,-7.8,+58.0,-9.7,-55.0,-2.6,-74.0,-1.5,+23.0,-0.5,-38.0,+11.3,+228.0,-8.5,+134.0,+6.8,-50.0,-7.5,+95.0,-8.4,-38.0,-5.9,-44.0,-9.1,-102.0,-2.4,-2.0,-11.5,-11.0,-4.0,+146.0,+8.4,+47.0
249,Southern,,SWAC,34,17-17,,17,17,,,+0.25,,+2.9,-56.0,+5.0,-7.0,-0.038,-20.0,+3.9,-191.0,-0.8,-78.0,-0.2,+23.0,-2.6,+85.0,+3.2,-43.0,-4.0,-119.0,-1.6,+51.0,-5.3,-132.0,+2.3,-131.0,-4.5,-113.0,+5.5,-94.0,+6.4,-42.0,-3.3,-32.0,-9.1,-79.0,-1.7,+70.0,+10.2,-53.0
129,Southern Illinois,,MVC,32,16-16,,16,16,,,-0.5,,-7.0,-1.0,+2.9,+61.0,-0.2766,+90.0,-6.9,+14.0,+1.9,+93.0,-1.5,-40.0,-3.0,+95.0,+17.9,-170.0,-2.3,+14.0,-18.6,+51.0,-2.8,-7.0,0.0,-12.0,+8.5,+122.0,-11.8,-43.0,-1.4,+76.0,+6.0,-137.0,+13.9,+62.0,-4.3,+158.0,+8.6,+44.0
42,Southern Methodist,,ACC,33,20-13,,20,13,,,-0.2728,,-6.4,+63.0,-4.5,-23.0,-0.0141,+6.0,-3.4,+86.0,+2.6,+46.0,+1.5,+94.0,-1.2,+14.0,+5.1,-8.0,-3.8,-129.0,-16.2,+30.0,-2.9,-9.0,-3.6,+105.0,+7.3,+82.0,-2.2,+85.0,-0.9,-17.0,+10.7,-184.0,+6.5,-40.0,-3.3,+119.0,-0.32,+43.0
221,Southern Miss,,SB,35,19-16,,19,16,,,+0.2071,,+9.3,-142.0,+3.3,+46.0,+0.1607,-72.0,+0.2,-91.0,-1.4,-37.0,-4.5,-189.0,-0.7,-2.0,+3.6,-17.0,+3.5,+93.0,+5.6,+19.0,+5.9,-42.0,0.0,-34.0,+4.5,+90.0,-1.4,-103.0,-11.2,-199.0,-7.4,-32.0,-12.4,-157.0,+3.6,-68.0,+10.5,-105.0
262,Southern Utah,,WAC,32,10-22,,10,22,,,-0.3125,,+2.7,-51.0,+5.7,-15.0,-0.0517,-19.0,+2.5,-114.0,-2.9,-121.0,-2.9,-136.0,-1.2,-74.0,-4.0,+23.0,+3.3,-31.0,+3.7,-102.0,+8.1,+156.0,+10.1,-175.0,+0.4,-10.0,-6.1,+26.0,-8.0,-239.0,+3.7,-105.0,-3.2,+17.0,+1.5,-5.0,+13.1,+16.0
154,St. Bonaventure,,A10,34,17-17,,17,17,,,0.0,,-1.6,+43.0,-7.2,-123.0,+0.141,-40.0,-1.0,+4.0,-7.0,-204.0,0.0,+16.0,-1.1,+11.0,-1.9,+69.0,+3.1,+57.0,+11.3,-229.0,+2.3,+36.0,-1.8,-12.0,-4.9,-131.0,+0.7,+49.0,-6.8,-199.0,-2.4,-42.0,-1.8,-60.0,+0.8,-54.0,+8.8,+81.0
15,St. John's,,BE,34,28-6,,28,6,,,+0.1765,,+8.0,-22.0,-4.8,-7.0,+0.0427,-13.0,+1.6,-84.0,-4.1,-6.0,+0.2,+90.0,-1.6,+44.0,-1.5,+76.0,+3.1,+41.0,-5.0,+94.0,+1.7,+45.0,+5.5,-122.0,-0.2,+42.0,-4.1,+5.0,-9.4,-28.0,+0.1,-59.0,-6.2,+1.0,-1.6,+70.0,-5.2,-8.0
112,St. Thomas,,Sum,33,24-9,,24,9,,,-0.2273,,-6.0,+87.0,-0.8,+2.0,-0.1282,+48.0,-6.1,+83.0,-1.8,-25.0,-0.6,+50.0,-0.8,-12.0,+6.3,-164.0,-0.1,+43.0,+7.7,-129.0,+7.0,+132.0,-4.7,+41.0,+2.4,-10.0,-5.0,+141.0,-4.3,+22.0,+1.2,+13.0,+3.7,+20.0,-3.9,+132.0,+4.2,+102.0
59,Stanford,,ACC,32,20-12,,20,12,,,-0.125,,+4.2,-17.0,+1.9,+59.0,+0.0286,-2.0,+4.6,-121.0,-2.0,-40.0,-1.4,+9.0,-1.8,+36.0,+1.5,-3.0,+12.4,+151.0,-21.5,+158.0,-4.5,-124.0,+4.5,-151.0,+1.5,+22.0,+3.2,-19.0,-6.7,-104.0,-3.4,+49.0,-2.7,+30.0,-2.5,+50.0,+0.85,+7.0
89,Stephen F. Austin,,Slnd,33,28-5,,28,5,,,-0.3485,,-13.9,+163.0,+4.3,+89.0,-0.4577,+151.0,-6.3,+104.0,+10.7,+248.0,+0.3,+93.0,+6.4,-113.0,-15.3,+240.0,+2.2,+65.0,-3.5,-43.0,-7.8,-26.0,-2.3,-20.0,+2.3,+86.0,-9.0,+198.0,+18.1,+300.0,-5.3,+56.0,-1.7,+31.0,-1.9,+3.0,+0.4,+64.0
310,Stetson,,ASun,33,12-21,,12,21,,,-0.3636,,-4.6,+8.0,-12.3,-192.0,+0.1495,-102.0,-2.2,+49.0,-7.0,-230.0,-2.2,-97.0,+2.4,-185.0,-9.9,+6.0,+0.6,-48.0,-19.2,+73.0,+6.0,+118.0,+3.1,-69.0,-3.3,-136.0,-5.2,+138.0,-9.6,-192.0,+4.4,-37.0,-4.7,-114.0,-5.6,+99.0,+15.1,-105.0
337,Stonehill,,NEC,33,12-21,,12,21,,,-0.3636,,-15.9,-35.0,-16.7,-157.0,-0.0278,-53.0,-8.9,-19.0,-8.3,-33.0,-4.2,-187.0,+0.3,-123.0,-18.9,+46.0,-6.6,-14.0,+14.7,-275.0,-7.5,-27.0,+5.1,-183.0,-8.2,-17.0,-21.2,+39.0,-5.6,-71.0,-2.5,+11.0,-0.8,+44.0,+2.0,-122.0,+16.7,-86.0
227,Stony Brook,,CAA,32,17-15,,17,15,,,-0.5312,,+13.5,-170.0,+21.9,+107.0,-0.1444,+21.0,+5.4,-173.0,+17.9,+182.0,-3.0,-86.0,+0.9,-65.0,+1.4,-96.0,+11.6,+44.0,+8.7,-212.0,+94.8,+139.0,+5.3,-185.0,+17.9,+254.0,+4.3,-79.0,+14.3,+28.0,-8.7,+128.0,-16.5,-186.0,+3.5,-170.0,+9.8,+3.0
81,Syracuse,,ACC,32,15-17,,15,17,,,-0.4688,,-8.4,+115.0,+3.1,+74.0,-0.277,+96.0,-4.6,+104.0,+1.6,+69.0,-0.4,+31.0,-4.0,+110.0,-1.8,-24.0,+5.9,-7.0,-15.6,+127.0,-11.4,-85.0,-0.7,+41.0,+9.1,+181.0,-5.3,+14.0,-5.3,-101.0,+10.0,-169.0,+8.8,+188.0,-2.9,+75.0,+3.2,+201.0
49,TCU,,B12,33,22-11,,22,11,,,0.0,,+12.3,-61.0,+5.4,+98.0,+0.0634,-19.0,-0.1,-46.0,-1.0,-13.0,-2.5,-41.0,-1.8,+46.0,+1.2,+28.0,+6.4,+139.0,-4.0,+68.0,+3.1,+75.0,+0.1,-29.0,+0.5,+6.0,-0.2,-61.0,-2.4,-29.0,-0.1,-45.0,-0.7,+10.0,-0.3,-11.0,-1.93,0.0
225,Tarleton St.,,WAC,32,14-18,,14,18,,,-0.4375,,+0.1,-54.0,+11.2,+118.0,-0.2147,+44.0,-3.5,-33.0,-2.5,-112.0,-2.5,-126.0,-2.2,+19.0,+1.4,-18.0,-5.5,-204.0,+21.0,-30.0,+33.4,-32.0,-5.0,-16.0,+3.0,-25.0,+0.8,-115.0,-7.1,-169.0,-1.3,-46.0,-0.7,-46.0,+0.2,+7.0,+10.0,+72.0
143,Temple,,Amer,32,16-16,,16,16,,,-0.1667,,0.0,+18.0,-11.1,-155.0,+0.261,-68.0,+1.5,-102.0,-1.3,-6.0,-0.1,+71.0,+0.6,-108.0,-3.5,+24.0,-7.0,-128.0,-12.4,+185.0,+1.6,+1.0,+1.3,-85.0,-5.0,-99.0,+1.4,-80.0,+3.4,+98.0,-1.8,-17.0,+0.6,+56.0,+0.7,-90.0,+9.1,+78.0
16,Tennessee,,SEC,33,22-11,,22,11,,,-0.3334,,-4.8,+55.0,+3.3,+36.0,-0.0697,+26.0,-6.2,+96.0,+0.2,+64.0,-4.1,-148.0,-0.2,-60.0,-2.6,+16.0,+4.8,+138.0,+4.0,-22.0,+10.2,+71.0,-4.1,+66.0,+0.3,+54.0,-7.5,+66.0,-0.4,+98.0,-2.5,-44.0,-6.9,-180.0,+0.2,-70.0,-4.21,+47.0
263,Tennessee Martin,,OVC,33,22-11,,22,11,,,-0.1667,,-3.0,-50.0,+8.8,+129.0,-0.1917,+19.0,-3.6,-25.0,+7.1,+201.0,-1.9,-88.0,+2.0,-10.0,-1.9,+79.0,+2.9,-6.0,-15.3,+170.0,-16.4,-186.0,-3.3,+30.0,+1.1,+68.0,-2.2,-99.0,+11.3,+265.0,+3.3,-2.0,-1.5,-30.0,-3.2,-9.0,+7.1,+67.0
218,Tennessee St.,,OVC,32,23-9,,23,9,,,+0.2812,,+11.3,-119.0,-12.5,-184.0,+0.4961,-183.0,+8.5,-212.0,-8.2,-149.0,+2.6,+100.0,-1.7,+44.0,+7.3,-31.0,-2.9,-66.0,-16.3,+87.0,-16.2,-262.0,-4.0,-3.0,-9.4,-163.0,+18.4,-186.0,-4.3,-50.0,+8.6,-190.0,+6.1,+150.0,-2.1,+95.0,+5.82,-62.0
45,Texas,,SEC,32,18-14,,18,14,,,-0.5625,,-18.2,+176.0,-3.6,-23.0,-0.2677,+93.0,-8.5,+202.0,-2.4,-49.0,+1.7,+121.0,-4.6,-29.0,-12.4,+244.0,-1.5,+34.0,+0.8,+40.0,+2.5,-48.0,-13.8,+251.0,+1.8,+68.0,-0.9,+7.0,-9.3,-245.0,+7.3,-144.0,-9.3,-7.0,+3.5,-142.0,-0.99,+243.0
39,Texas A&M,,SEC,32,21-11,,21,11,,,-0.1562,,-19.5,+211.0,+0.3,+42.0,-0.4098,+143.0,-10.4,+222.0,-0.1,+16.0,-1.9,+8.0,+0.1,-17.0,-3.0,+65.0,+5.1,+5.0,-4.8,+65.0,-0.8,-31.0,-9.1,+185.0,+4.4,+23.0,-8.1,+192.0,-4.1,+17.0,-1.9,+46.0,+0.5,-30.0,-3.8,+143.0,-1.54,+18.0
181,Texas A&M–Corpus Christi,,Slnd,33,18-15,,18,15,,,-0.0455,,+7.6,-124.0,-4.8,-30.0,+0.3034,-96.0,+10.2,-252.0,-6.9,-83.0,+9.1,-7.0,-7.3,+234.0,+11.7,-124.0,+2.0,+59.0,-17.6,+237.0,-9.9,-168.0,+3.5,-147.0,-5.6,-107.0,+15.0,-110.0,-6.6,-19.0,+3.3,-113.0,-2.2,+24.0,-6.4,+65.0,+8.5,-44.0
306,Texas Southern,,SWAC,30,12-18,,12,18,,,-0.4,,-12.1,+12.0,-1.6,-66.0,-0.1434,+1.0,-12.7,+76.0,+1.0,-19.0,-2.4,-117.0,+0.3,-71.0,+7.1,-151.0,-5.2,-132.0,+0.7,+4.0,-0.6,-84.0,-11.4,+57.0,-10.2,-221.0,-11.2,+83.0,+9.3,+108.0,-8.1,-8.0,+3.7,-19.0,-1.9,+74.0,+11.1,+59.0
228,Texas St.,,SB,32,19-13,,19,13,,,-0.5938,,+7.2,-115.0,+12.9,+99.0,-0.1094,+11.0,+0.8,-81.0,+4.4,+50.0,-1.2,-85.0,-2.6,+85.0,+3.6,-10.0,-5.3,-43.0,-0.1,-46.0,+39.6,+40.0,+0.4,-54.0,+5.3,+102.0,+1.1,-129.0,+1.8,-67.0,-14.4,-36.0,-20.5,-112.0,+1.2,-90.0,+8.9,+42.0
12,Texas Tech,,B12,32,22-10,,22,10,,,-0.6875,,-6.1,+46.0,+5.7,+91.0,-0.1109,+42.0,-4.9,+111.0,+4.2,+141.0,-0.8,+21.0,-4.4,+2.0,-7.9,+168.0,+7.4,+120.0,-11.3,-33.0,-5.4,-37.0,-11.6,+202.0,+7.2,+147.0,-0.2,+47.0,-1.3,+74.0,+8.1,-12.0,-0.9,+46.0,-4.5,+75.0,-5.46,+86.0
347,The Citadel,,SC,33,11-22,,11,22,,,+0.1667,,+20.6,-270.0,+14.5,-28.0,+0.1104,-90.0,+12.5,-259.0,+7.9,-45.0,-4.6,-123.0,-2.2,-43.0,+2.7,-117.0,-2.9,-111.0,-1.8,-70.0,-7.0,-75.0,+12.3,-201.0,+7.6,-48.0,+8.4,-244.0,+5.4,-46.0,+0.9,+15.0,-0.2,-74.0,+0.8,-97.0,+17.7,-144.0
132,Toledo,,MAC,34,19-15,,19,15,,,+0.1912,,+6.5,-38.0,-2.2,-32.0,+0.185,-46.0,+8.1,-52.0,-0.3,-81.0,0.0,+82.0,-2.3,+56.0,-4.3,+36.0,-1.1,-113.0,-7.0,-13.0,-3.3,+25.0,+6.7,-62.0,+3.8,-44.0,+7.0,-13.0,-4.5,-94.0,+3.4,-121.0,-1.0,-34.0,-1.5,+44.0,+8.72,-93.0
175,Towson,,CAA,34,19-15,,19,15,,,+0.1079,,+13.7,-185.0,-2.4,+1.0,+0.3531,-119.0,+3.5,-174.0,-5.2,-27.0,-2.2,-28.0,-0.8,-68.0,+4.8,+4.0,+8.9,+180.0,-2.1,-62.0,-3.0,+10.0,-2.0,-58.0,-2.7,-22.0,+11.4,-318.0,-5.9,-1.0,-7.7,+32.0,-0.5,-44.0,-1.3,-45.0,+8.5,-50.0
142,Troy,,SB,33,22-11,,22,11,,,+0.3333,,+2.4,-17.0,-10.8,-137.0,+0.2907,-89.0,+3.5,-91.0,-5.7,-65.0,+6.8,+118.0,+1.0,-84.0,+8.1,-38.0,+0.8,-34.0,+18.2,-129.0,-2.2,-2.0,+12.0,-87.0,+0.9,-11.0,-9.7,+82.0,-10.0,-33.0,-11.9,+190.0,+1.8,+41.0,0.0,-69.0,+6.38,-75.0
201,Tulane,,Amer,33,18-15,,18,15,,,-0.2955,,+2.4,-37.0,+5.1,+37.0,-0.0643,+4.0,-3.1,-24.0,+2.3,+69.0,-4.5,-72.0,-0.8,-12.0,+2.0,-90.0,+3.2,-54.0,-11.0,+171.0,+4.9,-7.0,-4.7,+23.0,+0.7,+42.0,-0.7,-91.0,+2.9,+6.0,+1.7,-2.0,+1.3,-1.0,+0.3,-48.0,+6.8,+143.0
65,Tulsa,,Amer,33,26-7,,26,7,,,-0.0379,,-4.2,+49.0,+1.3,+36.0,-0.1069,+44.0,-5.3,+120.0,-2.7,-3.0,-1.0,+41.0,+1.1,-136.0,-2.8,+55.0,+4.5,+121.0,+2.9,+9.0,+2.8,+67.0,-7.5,+159.0,-2.3,-7.0,-2.1,+76.0,-2.1,-9.0,+2.3,+3.0,+1.4,+6.0,-0.4,-8.0,+0.71,+24.0
137,UAB,,Amer,32,20-12,,20,12,,,-0.125,,+4.0,-47.0,+13.2,+150.0,-0.2273,+72.0,+7.5,-259.0,+3.8,+127.0,-2.7,+12.0,-1.4,-24.0,-7.9,+161.0,+8.3,+208.0,-5.7,+69.0,+0.3,+47.0,+10.2,-178.0,-1.9,-14.0,-2.0,-93.0,+8.6,+178.0,-6.1,-34.0,-0.3,-6.0,+3.5,-59.0,+5.4,+68.0
164,UC Davis,,BW,33,19-14,,19,14,,,-0.0758,,-9.0,+75.0,-8.4,-85.0,-0.0161,+9.0,-4.8,+81.0,-5.5,-125.0,-1.5,-73.0,+0.5,+8.0,-9.6,-16.0,-0.2,-35.0,-5.9,+102.0,+7.3,-5.0,-2.3,+25.0,-3.3,-98.0,-5.2,+62.0,-6.9,-112.0,+2.4,-25.0,-5.5,-65.0,+3.3,-76.0,+7.2,+121.0
248,UC Riverside,,BW,32,10-22,,10,22,,,-0.3125,,+12.3,-178.0,+15.9,+89.0,-0.0519,-14.0,-3.7,-21.0,+12.0,+66.0,-6.5,-272.0,-1.6,-35.0,-2.2,-27.0,-1.4,-44.0,-1.7,-8.0,+27.7,+12.0,-12.4,+65.0,+12.1,+44.0,+7.5,-247.0,+6.5,+111.0,-1.8,-12.0,-12.1,-4.0,+1.0,-37.0,+14.7,-157.0
122,UC San Diego,,BW,34,23-11,,23,11,,,-0.1765,,-5.8,+32.0,-1.7,+12.0,-0.1111,+49.0,-2.6,+52.0,+2.8,+128.0,+1.5,+75.0,+0.5,-71.0,-4.4,-27.0,-1.3,+33.0,-3.8,-29.0,-9.0,-29.0,+2.2,+5.0,+10.4,+208.0,-6.7,+24.0,-2.8,+36.0,-2.3,+16.0,+6.7,-15.0,-1.4,+22.0,+4.7,+175.0
127,UC Santa Barbara,,BW,32,18-14,,18,14,,,-0.5625,,-10.2,+126.0,-1.7,-27.0,-0.2192,+76.0,-5.2,+144.0,-1.3,-65.0,+2.6,-5.0,-4.3,+96.0,-4.1,+48.0,-7.3,-2.0,-7.7,+95.0,-6.7,-152.0,+2.5,-23.0,+6.0,+27.0,-9.1,+213.0,-10.2,-153.0,+4.1,-39.0,-1.8,+24.0,+3.0,-169.0,+7.4,+129.0
57,UCF,,B12,32,21-11,,21,11,,,-0.3229,,-17.9,+199.0,-5.3,-44.0,-0.2643,+93.0,-14.5,+207.0,-2.7,-94.0,-1.1,+8.0,+0.3,-88.0,-1.5,+61.0,-1.9,-4.0,-2.8,-41.0,+7.2,+68.0,-6.8,+98.0,-6.6,-176.0,-21.4,+276.0,+2.2,+18.0,-3.9,-7.0,+0.4,-5.0,-0.6,+25.0,-2.1,+28.0
24,UCLA,,B10,34,23-11,,23,11,,,+0.0735,,+8.3,-4.0,-1.6,+15.0,+0.0516,-12.0,+2.6,-34.0,0.0,+31.0,-1.8,+18.0,-2.2,+62.0,0.0,-11.0,-0.3,-91.0,-2.2,-26.0,-5.6,-79.0,+1.1,-41.0,-4.9,-131.0,+3.2,+9.0,+4.4,+145.0,+1.9,-80.0,-3.8,-124.0,+0.2,-74.0,-2.3,-17.0
9,UConn,,BE,34,29-5,,29,5,,,-0.3529,,-8.2,+78.0,+0.3,+10.0,-0.0564,+23.0,-5.9,+163.0,+3.1,+110.0,+4.5,+120.0,-1.5,+21.0,+8.6,-24.0,-1.6,-5.0,-9.1,-11.0,+2.7,-47.0,-0.1,+34.0,+7.5,+178.0,-9.2,+163.0,-2.1,+64.0,+2.3,-55.0,+5.3,+130.0,-2.5,-19.0,-8.95,+67.0
185,UMBC,,AE,32,24-8,,24,8,,,+0.25,,+8.4,-99.0,+2.3,+28.0,+0.156,-57.0,+4.9,-55.0,-1.4,+23.0,-2.9,-3.0,0.0,-90.0,+1.0,-105.0,+3.8,+117.0,+6.2,-127.0,-5.0,+12.0,-0.2,+26.0,+0.8,+48.0,+7.3,-45.0,-2.7,+33.0,+6.0,-112.0,+4.8,+111.0,-0.1,-46.0,+5.17,-45.0
320,UMass Lowell,,AE,33,15-18,,15,18,,,+0.0455,,+2.7,-80.0,+11.2,-9.0,-0.0851,-32.0,-1.7,-23.0,+2.9,-23.0,-1.0,-65.0,-2.4,-50.0,+6.3,-53.0,+10.0,+171.0,-12.8,+107.0,-7.8,-11.0,-7.6,+58.0,-0.9,-92.0,+6.1,-198.0,+6.7,+50.0,+4.6,-133.0,-0.2,+54.0,+0.1,+9.0,+12.9,-95.0
257,UNC Asheville,,BSth,32,15-17,,15,17,,,+0.0312,,+3.2,-79.0,-2.4,-38.0,+0.1439,-73.0,+0.4,-61.0,-3.7,-82.0,-0.1,-12.0,-2.3,-6.0,-4.1,+39.0,+3.7,+36.0,+19.3,-50.0,+9.7,+18.0,+1.5,-92.0,+2.6,+7.0,-1.0,+23.0,-8.6,-67.0,+7.1,-173.0,+1.9,+43.0,+1.4,-108.0,+12.0,-104.0
288,UNC Greensboro,,SC,34,15-19,,15,19,,,+0.2255,,+3.4,-39.0,-3.5,-99.0,+0.1479,-88.0,+2.7,-75.0,-2.7,-129.0,-0.4,+65.0,-1.1,-81.0,+5.2,-148.0,-4.5,-42.0,-4.1,+81.0,+3.5,+82.0,+9.4,-184.0,-5.1,-180.0,-4.7,+113.0,+0.2,-119.0,0.0,-24.0,-2.7,-101.0,-0.9,+17.0,+14.4,-114.0
125,UNC Wilmington,,CAA,32,26-6,,26,6,,,-0.8125,,-11.2,+128.0,+5.9,+90.0,-0.4075,+138.0,-10.6,+116.0,+4.6,+161.0,+0.4,+96.0,-3.8,+8.0,+1.0,+39.0,-0.2,+54.0,-8.9,+139.0,+22.6,+210.0,-0.4,-67.0,+4.8,+132.0,-24.4,+240.0,+2.3,+142.0,-12.0,+117.0,-4.0,-120.0,+4.1,-210.0,+1.9,+147.0
109,UNLV,,MWC,33,17-16,,17,16,,,-0.1819,,-0.4,+27.0,-4.9,-70.0,+0.0994,-20.0,-0.9,+25.0,+0.1,-43.0,+1.7,+58.0,-3.0,+76.0,-1.6,+6.0,+2.4,+3.0,-1.2,+47.0,-12.7,-218.0,-5.1,+116.0,+3.1,+26.0,+3.5,-33.0,-3.6,-120.0,+4.0,-103.0,-1.5,+18.0,-0.3,+28.0,+5.52,-6.0
66,USC,,B10,32,18-14,,18,14,,,-0.5625,,-1.2,+35.0,+7.8,+155.0,-0.2068,+75.0,-0.8,-35.0,+6.9,+173.0,-4.1,-149.0,-4.4,+73.0,-10.2,+181.0,-3.4,-144.0,-17.0,+242.0,-4.7,-53.0,-0.5,-12.0,-0.2,-34.0,-0.6,-101.0,+12.6,+266.0,+1.9,-90.0,-4.7,-101.0,-2.0,+79.0,-0.2,+222.0
182,UT Arlington,,WAC,32,18-14,,18,14,,,+0.1875,,-0.4,-58.0,-2.4,-1.0,+0.0564,-21.0,-4.3,-41.0,-1.7,+33.0,-1.1,-81.0,+0.1,-24.0,+0.8,+39.0,-2.0,-57.0,+6.8,+9.0,-0.9,-76.0,-5.5,-2.0,+1.8,+45.0,-1.3,-106.0,-4.1,+15.0,-5.1,-31.0,+5.3,+135.0,-1.4,-28.0,+7.75,-64.0
119,UT Rio Grande Valley,,Slnd,33,19-14,,19,14,,,-0.0758,,+0.8,+9.0,-5.8,-52.0,+0.1525,-37.0,+5.9,-35.0,-3.0,+6.0,+5.8,+28.0,-0.5,-45.0,-5.8,+28.0,+0.9,-51.0,+2.4,-127.0,-3.3,-106.0,+5.8,-41.0,-3.6,-19.0,+3.9,+2.0,-1.5,+74.0,+4.5,-51.0,-4.9,-61.0,-1.8,+19.0,+7.6,-28.0
270,UTEP,,CUSA,31,11-20,,11,20,,,+0.1452,,-4.6,-22.0,-12.3,-157.0,+0.1897,-92.0,-0.2,-88.0,-10.1,-180.0,-1.9,-65.0,+1.7,-55.0,-9.1,-3.0,-0.7,-108.0,+16.1,-194.0,+7.1,-25.0,+0.5,-104.0,-9.0,-163.0,-0.6,-38.0,-8.4,-143.0,-3.2,+14.0,-3.9,-31.0,+4.9,-229.0,+14.0,-95.0
336,UTSA,,Amer,30,5-25,,5,25,,,-0.1667,,-3.7,-35.0,+1.2,-60.0,-0.0523,-36.0,-4.1,-49.0,-7.1,-208.0,-10.2,-229.0,-8.9,+22.0,+6.0,-111.0,+1.3,-57.0,+3.4,-145.0,-15.4,-127.0,-2.6,-63.0,+2.5,-21.0,-4.2,-74.0,-9.0,-206.0,-1.3,+3.0,+15.7,+19.0,+2.0,-61.0,+17.9,-153.0
115,Utah,,B12,32,10-22,,10,22,,,-0.3125,,+5.6,-28.0,+14.0,+104.0,-0.2048,+75.0,+0.7,-42.0,+6.5,+2.0,+1.9,+73.0,-5.5,-28.0,-1.0,-31.0,+5.5,+50.0,-7.2,+9.0,-3.5,+5.0,-0.2,-25.0,+4.9,-22.0,+2.2,-14.0,+6.4,+24.0,-8.4,+67.0,-1.0,+42.0,-2.3,+32.0,+8.0,+12.0
29,Utah State,,MWC,34,28-6,,28,6,,,+0.1765,,+0.7,+6.0,-5.7,-25.0,+0.0512,-14.0,-2.5,+64.0,0.0,+52.0,-1.0,+27.0,-0.4,+22.0,-4.8,+106.0,-0.7,-94.0,+7.6,-35.0,-0.8,-66.0,-1.6,+46.0,-1.6,+18.0,-2.9,+61.0,+1.7,+19.0,-2.7,+15.0,-1.9,-65.0,+0.6,-53.0,-2.6,-16.0
183,Utah Tech,,WAC,34,19-15,,19,15,,,-0.2255,,+7.4,-54.0,+4.9,-1.0,+0.0627,-25.0,+2.5,-39.0,+5.0,+105.0,+1.0,+6.0,+0.4,-65.0,-0.7,-56.0,-0.2,-91.0,+16.2,-244.0,+0.5,+14.0,+3.8,-34.0,-1.6,-87.0,+0.4,-7.0,+12.2,+267.0,-0.2,-38.0,-1.9,+30.0,+3.3,-155.0,+6.6,+148.0
87,Utah Valley,,WAC,33,25-8,,25,8,,,-0.0076,,+4.5,-28.0,+6.1,+126.0,-0.0425,+23.0,+0.4,+20.0,+5.2,+162.0,-3.4,-151.0,-3.7,+81.0,-3.2,+91.0,-2.6,-98.0,+8.7,-54.0,+5.8,-18.0,-3.6,+88.0,+7.4,+186.0,+5.8,-132.0,+0.6,-42.0,-0.7,-62.0,+3.4,+108.0,-1.1,+39.0,+2.43,+7.0
48,VCU,,A10,34,27-7,,27,7,,,+0.2059,,+2.8,-6.0,-6.1,-33.0,+0.0912,-28.0,-1.2,+31.0,0.0,+59.0,-3.4,-39.0,+0.1,-38.0,-9.3,+170.0,-1.2,-31.0,-11.6,+182.0,-11.8,-102.0,-4.8,+100.0,+3.1,+108.0,+3.3,+3.0,-2.9,-5.0,-5.3,+70.0,+7.0,+175.0,-5.3,+176.0,-0.4,-27.0
360,VMI,,SC,32,6-26,,6,26,,,-0.1875,,-4.3,-45.0,+2.1,-58.0,-0.0321,-40.0,+2.4,-151.0,-2.6,-123.0,+1.0,+102.0,-2.4,+1.0,+3.0,-140.0,+6.9,-38.0,-5.6,-20.0,-19.9,-160.0,+2.1,-126.0,+3.3,-54.0,+1.8,-166.0,-10.4,-280.0,-3.6,+30.0,-12.7,-262.0,+0.3,-46.0,+21.4,-90.0
162,Valparaiso,,MVC,33,18-15,,18,15,,,-0.0455,,-6.8,+58.0,-2.7,-23.0,-0.1119,+35.0,-1.6,-64.0,-2.1,-20.0,+2.6,+127.0,+0.1,-53.0,+2.5,-6.0,+0.9,-3.0,+1.2,+9.0,-5.2,-74.0,-3.5,-51.0,+1.7,+8.0,+0.9,-63.0,-6.5,-26.0,+0.3,-57.0,-3.1,-15.0,-0.6,-44.0,+7.6,-8.0
10,Vanderbilt,,SEC,34,26-8,,26,8,,,-0.0147,,+13.1,-5.0,+0.1,+27.0,+0.0356,-6.0,-2.5,+66.0,+1.8,+99.0,-0.3,+49.0,-1.6,+26.0,-2.4,+31.0,+12.4,+90.0,+3.7,-24.0,-6.9,-157.0,-7.1,+158.0,-0.6,+37.0,+3.5,-30.0,+4.4,+140.0,-7.8,+106.0,-5.0,-50.0,-2.1,+82.0,-5.2,-8.0
256,Vermont,,AE,34,22-12,,22,12,,,+0.0196,,-1.8,-24.0,-6.3,-110.0,+0.1074,-62.0,0.0,-6.0,-2.4,-23.0,-0.4,+71.0,+2.9,-217.0,-0.1,-81.0,-0.2,+39.0,-2.3,-47.0,+1.0,-23.0,+4.7,-17.0,-5.7,-28.0,-4.1,+8.0,+1.2,-51.0,-0.4,+14.0,+1.7,-7.0,-1.3,-33.0,+8.6,-15.0
36,Villanova,,BE,32,24-8,,24,8,,,-0.25,,-1.0,+28.0,+6.4,+115.0,-0.1137,+52.0,+1.6,-13.0,+1.5,+25.0,-2.5,-17.0,-3.2,+105.0,-7.0,+142.0,+1.2,-32.0,-12.6,+31.0,-5.7,-1.0,+5.9,-48.0,-2.1,-40.0,-2.0,+46.0,+5.2,+75.0,+3.1,-10.0,-0.1,+33.0,+1.8,-119.0,-4.38,+85.0
14,Virginia,,ACC,34,29-5,,29,5,,,-0.1029,,+7.6,-12.0,+0.6,+15.0,+0.0258,-8.0,+1.4,-6.0,+0.1,+48.0,+0.9,+68.0,-1.8,-28.0,-3.2,+90.0,+5.9,+130.0,-7.6,+33.0,-1.9,-12.0,-2.2,+75.0,-0.3,+35.0,+4.1,-25.0,+0.4,+105.0,-3.4,+65.0,+3.6,+94.0,-0.5,-44.0,-6.5,+3.0
54,Virginia Tech,,ACC,32,19-13,,19,13,,,-0.5938,,+3.9,-13.0,+7.6,+138.0,-0.0731,+38.0,-4.5,+94.0,+4.3,+100.0,+1.4,+128.0,-2.3,+53.0,+11.1,-113.0,-2.4,-141.0,-1.4,-25.0,+11.4,+196.0,-0.2,-25.0,+1.6,-39.0,-6.9,+139.0,+5.6,+179.0,+2.7,-63.0,+0.6,-1.0,-0.2,-20.0,0.0,+127.0
317,Wagner,,NEC,31,14-17,,14,17,,,-0.4516,,-12.5,+13.0,-12.6,-201.0,-0.0263,-49.0,-14.7,+70.0,-7.0,-97.0,+1.8,-12.0,-2.4,-31.0,-1.2,+48.0,-2.3,-45.0,+9.2,-175.0,+4.5,-32.0,-1.4,-73.0,+2.7,+81.0,-23.0,+287.0,-21.0,-199.0,+5.4,-122.0,-7.5,-33.0,-2.0,-2.0,+12.6,-58.0
67,Wake Forest,,ACC,33,17-16,,17,16,,,+0.1515,,+1.5,+6.0,+2.9,+66.0,-0.027,+23.0,+0.4,-23.0,-5.9,-142.0,+0.5,+84.0,-6.2,+180.0,-3.1,+5.0,+2.8,-40.0,+12.2,-132.0,+0.1,-26.0,-2.3,+62.0,-8.3,-227.0,+2.9,-74.0,-2.0,+18.0,-3.1,+41.0,-3.3,-108.0,-1.0,+31.0,+3.17,-35.0
52,Washington,,B10,33,16-17,,16,17,,,-0.1515,,+2.7,-4.0,+11.4,+173.0,-0.1814,+68.0,-0.4,-32.0,+5.4,+134.0,-2.1,-13.0,-1.6,-70.0,+1.8,+22.0,-1.4,+3.0,-2.0,-66.0,-7.4,-38.0,-2.1,+60.0,+3.2,+86.0,+1.8,-166.0,+5.7,+95.0,+6.7,-157.0,+4.9,+99.0,-0.4,-11.0,+2.5,+37.0
126,Washington State,,WCC,32,12-20,,12,20,,,-0.375,,-14.8,+174.0,-2.5,-44.0,-0.3148,+102.0,-10.0,+227.0,-1.7,-80.0,-8.3,-275.0,-0.2,-109.0,-9.5,+82.0,-9.4,-59.0,-13.5,+8.0,+5.2,+87.0,-8.9,+190.0,+2.6,+12.0,-7.5,+183.0,-8.7,-213.0,+2.2,-14.0,-9.4,-65.0,+0.5,-37.0,+10.4,-3.0
203,Weber State,,BSky,32,16-16,,16,16,,,-0.5,,-0.2,+19.0,+2.8,-27.0,-0.0688,+4.0,+1.0,-60.0,+5.7,-20.0,-2.7,-55.0,+1.0,-107.0,-7.7,+136.0,+4.6,+134.0,+3.7,-10.0,+15.5,+82.0,+7.9,-149.0,+2.3,-65.0,-8.2,+111.0,+7.4,+118.0,+1.1,-78.0,+1.9,+44.0,+0.4,-15.0,+9.8,-16.0
295,West Georgia,,ASun,32,15-17,,15,17,,,-0.4688,,-24.8,+32.0,-17.2,-239.0,-0.1578,+9.0,-12.8,+67.0,-2.5,-117.0,+3.3,+143.0,+1.8,-187.0,+5.2,-69.0,-12.3,-93.0,-12.5,-14.0,+0.6,-29.0,-4.7,-1.0,-7.3,-220.0,-20.1,+103.0,+2.9,+74.0,-1.1,-57.0,+7.2,+147.0,+1.5,-36.0,+11.6,-19.0
62,West Virginia,,B12,32,18-14,,18,14,,,-0.0625,,-7.2,+69.0,-8.5,-17.0,+0.041,-7.0,-2.2,+19.0,-2.7,+14.0,+4.9,+80.0,-0.3,-12.0,-6.0,+92.0,+10.2,+200.0,+9.8,-109.0,-6.6,-16.0,+1.5,-42.0,+2.1,+81.0,-3.9,-18.0,-8.5,-196.0,+4.5,-60.0,-10.7,-107.0,+0.3,-66.0,+1.76,+4.0
223,Western Carolina,,SC,31,15-16,,15,16,,,+0.0161,,-3.7,+43.0,-7.5,-139.0,+0.0961,-47.0,-5.3,+50.0,-3.6,-149.0,+4.3,+118.0,-2.4,-48.0,+13.3,-37.0,-0.6,+49.0,+5.6,-145.0,-3.0,-89.0,-3.6,+8.0,-5.5,-184.0,-4.9,+28.0,-0.3,-129.0,+5.0,-70.0,-5.4,-154.0,-1.7,+56.0,+9.9,-43.0
169,Western Kentucky,,CUSA,32,18-14,,18,14,,,-0.5625,,-0.7,+2.0,+15.4,+134.0,-0.3306,+101.0,-0.4,-95.0,+7.3,+118.0,+0.3,+97.0,-3.8,+102.0,-3.2,+58.0,+6.6,+130.0,+15.9,-30.0,-0.4,-76.0,-1.2,-75.0,+6.3,+120.0,+1.1,-80.0,+6.4,+67.0,-5.3,+53.0,-10.1,-212.0,+0.2,+13.0,+6.2,+157.0
280,Western Michigan,,MAC,31,10-21,,10,21,,,-0.3226,,+2.6,-40.0,+3.5,-41.0,-0.0111,-36.0,+0.9,-86.0,+3.7,-29.0,-1.2,-21.0,+5.1,-283.0,+6.6,-117.0,+9.8,+186.0,+5.5,-129.0,-2.0,-78.0,-5.8,-8.0,-0.9,-101.0,+2.9,-22.0,+5.1,-39.0,+20.6,-235.0,+11.1,+3.0,-0.8,+15.0,+14.6,-141.0
84,Wichita State,,Amer,33,22-11,,22,11,,,0.0,,+0.8,+9.0,-3.6,-6.0,+0.087,-17.0,+1.3,-113.0,-1.5,+39.0,+0.8,+113.0,+0.8,-115.0,-3.7,+96.0,+2.3,+49.0,-8.9,+101.0,-2.2,-36.0,-0.6,-65.0,-5.9,-21.0,+3.6,-114.0,+3.9,+150.0,-0.4,-46.0,+4.7,+130.0,-0.7,-21.0,+3.77,-20.0
160,William & Mary,,CAA,32,20-12,,20,12,,,-0.125,,-9.5,+106.0,+1.0,+10.0,-0.2597,+82.0,-9.4,+213.0,-0.1,-22.0,+0.7,+51.0,-0.3,+9.0,+0.9,-108.0,+7.2,+70.0,+18.6,-6.0,+7.5,+63.0,-14.0,+256.0,-7.7,-202.0,-2.0,-39.0,+4.4,+98.0,-0.4,-6.0,+10.6,-18.0,-4.3,+111.0,+6.5,+8.0
173,Winthrop,,BSth,34,23-11,,23,11,,,-0.0098,,-6.5,+77.0,-2.4,-39.0,-0.1098,+31.0,-5.9,+36.0,+0.5,+5.0,0.0,+82.0,-4.7,+102.0,-2.6,+82.0,-7.9,-36.0,+3.7,+30.0,+1.9,-41.0,-1.8,-39.0,-3.5,-113.0,-8.2,+63.0,+4.2,+109.0,-4.7,+68.0,-4.1,-127.0,+3.6,-35.0,+5.0,+24.0
21,Wisconsin,,B10,34,24-10,,24,10,,,+0.0441,,+10.7,-4.0,+1.0,+51.0,+0.0384,-13.0,+2.2,-23.0,+2.5,+48.0,-1.1,+28.0,-1.7,-68.0,-2.4,-11.0,+12.5,+236.0,-4.9,-6.0,-5.4,-18.0,-0.6,+44.0,+3.7,+37.0,+2.7,+11.0,+0.4,+30.0,+8.7,-3.0,-0.7,-31.0,-1.8,+70.0,-3.3,-11.0
268,Wofford,,SC,32,19-13,,19,13,,,-0.5938,,-7.3,+68.0,-2.2,-76.0,-0.1044,-2.0,-1.7,+27.0,-2.8,-124.0,-10.4,-11.0,-1.2,-71.0,-8.5,+89.0,+0.4,+32.0,-7.0,+83.0,+20.9,+87.0,-6.3,+98.0,-3.4,-121.0,+3.5,-49.0,-1.8,-145.0,-3.1,+40.0,+12.0,+169.0,-2.5,+78.0,+8.6,+77.0
130,Wright State,,Horz,34,23-11,,23,11,,,+0.3235,,-2.5,+45.0,-2.6,-34.0,+0.0059,+6.0,-1.0,+26.0,-6.5,-159.0,-2.7,-67.0,+1.9,-117.0,-4.8,+107.0,+5.0,+113.0,+12.4,-75.0,+6.0,+91.0,-0.1,+29.0,-12.2,-217.0,-1.9,+78.0,+5.8,+98.0,-1.2,-46.0,-7.6,-13.0,+4.1,-163.0,+6.85,-85.0
95,Wyoming,,MWC,32,18-14,,18,14,,,-0.0625,,+8.0,-43.0,+6.1,+84.0,+0.0302,+3.0,-1.2,+8.0,+1.5,+3.0,-2.9,-74.0,-4.0,+84.0,+15.3,-55.0,+8.6,+213.0,-7.8,+82.0,+0.7,-65.0,-0.6,+35.0,+1.4,-32.0,-2.9,-33.0,+0.3,+42.0,-11.3,+148.0,-8.4,-51.0,-3.2,+41.0,+4.7,+27.0
94,Xavier,,BE,33,15-18,,15,18,,,-0.1212,,+5.3,-22.0,+8.6,+75.0,-0.0856,+37.0,-0.7,-17.0,+6.6,-4.0,-0.7,+48.0,-0.9,-53.0,-1.5,-52.0,+4.8,+100.0,+7.3,-195.0,-11.7,-88.0,+0.2,-77.0,+14.6,+9.0,-1.4,+74.0,+0.2,-48.0,+1.9,-45.0,+15.7,+210.0,+1.5,-3.0,+4.82,-22.0
92,Yale,,Ivy,30,24-6,,24,6,,,-0.1333,,+1.8,+4.0,-1.7,-28.0,+0.0686,-5.0,-1.7,+50.0,-0.9,-37.0,-2.5,+6.0,+0.1,-72.0,+6.0,-35.0,+2.6,+62.0,-6.8,+65.0,-7.5,-5.0,+0.8,+5.0,-1.2,-40.0,-4.2,+97.0,-0.5,-68.0,+0.1,-50.0,+5.2,-33.0,-1.3,-35.0,+0.9,+79.0
