Team__1,Seed__1,Score__1,Team__2,Seed__2,Score__2,Winning_Team,Win__1,KP__Rk_AdjEM__1,KP__Conf__1,KP__W-L__1,KP__Wins__1,KP__Losses__1,KP__WinPct__1,KP__AdjEM__1,KP__AdjO__1,KP__Rk_AdjO__1,KP__AdjD__1,KP__Rk_AdjD__1,KP__AdjT__1,KP__Rk_AdjT__1,KP__Luck__1,KP__Rk_Luck__1,KP__SOS_AdjEM__1,KP__Rk_SOS_AdjEM__1,KP__SOS_AdjO__1,KP__Rk_SOS_AdjO__1,KP__SOS_AdjD__1,KP__Rk_SOS_AdjD__1,KP__NCSOS_AdjEM__1,KP__Rk_NCSOS_AdjEM__1,KP__Rk_AdjEM__2,KP__Conf__2,KP__W-L__2,KP__Wins__2,KP__Losses__2,KP__WinPct__2,KP__AdjEM__2,KP__AdjO__2,KP__Rk_AdjO__2,KP__AdjD__2,KP__Rk_AdjD__2,KP__AdjT__2,KP__Rk_AdjT__2,KP__Luck__2,KP__Rk_Luck__2,KP__SOS_AdjEM__2,KP__Rk_SOS_AdjEM__2,KP__SOS_AdjO__2,KP__Rk_SOS_AdjO__2,KP__SOS_AdjD__2,KP__Rk_SOS_AdjD__2,KP__NCSOS_AdjEM__2,KP__Rk_NCSOS_AdjEM__2,BT__Rk__1,BT__Conf__1,BT__G__1,BT__Rec__1,BT__Wins__1,BT__Losses__1,BT__WinPct__1,BT__AdjO__1,BT__Rk_AdjO__1,BT__AdjD__1,BT__Rk_AdjD__1,BT__Barthag__1,BT__Rk_Barthag__1,BT__EFG%__1,BT__Rk_EFG%__1,BT__EFGD%__1,BT__Rk_EFGD%__1,BT__TOR__1,BT__Rk_TOR__1,BT__TORD__1,BT__Rk_TORD__1,BT__ORB__1,BT__Rk_ORB__1,BT__DRB__1,BT__Rk_DRB__1,BT__FTR__1,BT__Rk_FTR__1,BT__FTRD__1,BT__Rk_FTRD__1,BT__2P%__1,BT__Rk_2P%__1,BT__2P%D__1,BT__Rk_2P%D__1,BT__3P%__1,BT__Rk_3P%__1,BT__3P%D__1,BT__Rk_3P%D__1,BT__3PR__1,BT__Rk_3PR__1,BT__3PRD__1,BT__Rk_3PRD__1,BT__AdjT__1,BT__Rk_AdjT__1,BT__WAB__1,BT__Rk_WAB__1,BT__Rk__2,BT__Conf__2,BT__G__2,BT__Rec__2,BT__Wins__2,BT__Losses__2,BT__WinPct__2,BT__AdjO__2,BT__Rk_AdjO__2,BT__AdjD__2,BT__Rk_AdjD__2,BT__Barthag__2,BT__Rk_Barthag__2,BT__EFG%__2,BT__Rk_EFG%__2,BT__EFGD%__2,BT__Rk_EFGD%__2,BT__TOR__2,BT__Rk_TOR__2,BT__TORD__2,BT__Rk_TORD__2,BT__ORB__2,BT__Rk_ORB__2,BT__DRB__2,BT__Rk_DRB__2,BT__FTR__2,BT__Rk_FTR__2,BT__FTRD__2,BT__Rk_FTRD__2,BT__2P%__2,BT__Rk_2P%__2,BT__2P%D__2,BT__Rk_2P%D__2,BT__3P%__2,BT__Rk_3P%__2,BT__3P%D__2,BT__Rk_3P%D__2,BT__3PR__2,BT__Rk_3PR__2,BT__3PRD__2,BT__Rk_3PRD__2,BT__AdjT__2,BT__Rk_AdjT__2,BT__WAB__2,BT__Rk_WAB__2,BT2W__Rk__1,BT2W__Conf__1,BT2W__G__1,BT2W__Rec__1,BT2W__Wins__1,BT2W__Losses__1,BT2W__WinPct__1,BT2W__AdjO__1,BT2W__Rk_AdjO__1,BT2W__AdjD__1,BT2W__Rk_AdjD__1,BT2W__Barthag__1,BT2W__Rk_Barthag__1,BT2W__EFG%__1,BT2W__Rk_EFG%__1,BT2W__EFGD%__1,BT2W__Rk_EFGD%__1,BT2W__TOR__1,BT2W__Rk_TOR__1,BT2W__TORD__1,BT2W__Rk_TORD__1,BT2W__ORB__1,BT2W__Rk_ORB__1,BT2W__DRB__1,BT2W__Rk_DRB__1,BT2W__FTR__1,BT2W__Rk_FTR__1,BT2W__FTRD__1,BT2W__Rk_FTRD__1,BT2W__2P%__1,BT2W__Rk_2P%__1,BT2W__2P%D__1,BT2W__Rk_2P%D__1,BT2W__3P%__1,BT2W__Rk_3P%__1,BT2W__3P%D__1,BT2W__Rk_3P%D__1,BT2W__3PR__1,BT2W__Rk_3PR__1,BT2W__3PRD__1,BT2W__Rk_3PRD__1,BT2W__AdjT__1,BT2W__Rk_AdjT__1,BT2W__WAB__1,BT2W__Rk_WAB__1,BT2W__Rk__2,BT2W__Conf__2,BT2W__G__2,BT2W__Rec__2,BT2W__Wins__2,BT2W__Losses__2,BT2W__WinPct__2,BT2W__AdjO__2,BT2W__Rk_AdjO__2,BT2W__AdjD__2,BT2W__Rk_AdjD__2,BT2W__Barthag__2,BT2W__Rk_Barthag__2,BT2W__EFG%__2,BT2W__Rk_EFG%__2,BT2W__EFGD%__2,BT2W__Rk_EFGD%__2,BT2W__TOR__2,BT2W__Rk_TOR__2,BT2W__TORD__2,BT2W__Rk_TORD__2,BT2W__ORB__2,BT2W__Rk_ORB__2,BT2W__DRB__2,BT2W__Rk_DRB__2,BT2W__FTR__2,BT2W__Rk_FTR__2,BT2W__FTRD__2,BT2W__Rk_FTRD__2,BT2W__2P%__2,BT2W__Rk_2P%__2,BT2W__2P%D__2,BT2W__Rk_2P%D__2,BT2W__3P%__2,BT2W__Rk_3P%__2,BT2W__3P%D__2,BT2W__Rk_3P%D__2,BT2W__3PR__2,BT2W__Rk_3PR__2,BT2W__3PRD__2,BT2W__Rk_3PRD__2,BT2W__AdjT__2,BT2W__Rk_AdjT__2,BT2W__WAB__2,BT2W__Rk_WAB__2,BTHOT__Rk__1,BTHOT__Conf__1,BTHOT__G__1,BTHOT__Rec__1,BTHOT__Wins__1,BTHOT__Losses__1,BTHOT__WinPct__1,BTHOT__AdjO__1,BTHOT__Rk_AdjO__1,BTHOT__AdjD__1,BTHOT__Rk_AdjD__1,BTHOT__Barthag__1,BTHOT__Rk_Barthag__1,BTHOT__EFG%__1,BTHOT__Rk_EFG%__1,BTHOT__EFGD%__1,BTHOT__Rk_EFGD%__1,BTHOT__TOR__1,BTHOT__Rk_TOR__1,BTHOT__TORD__1,BTHOT__Rk_TORD__1,BTHOT__ORB__1,BTHOT__Rk_ORB__1,BTHOT__DRB__1,BTHOT__Rk_DRB__1,BTHOT__FTR__1,BTHOT__Rk_FTR__1,BTHOT__FTRD__1,BTHOT__Rk_FTRD__1,BTHOT__2P%__1,BTHOT__Rk_2P%__1,BTHOT__2P%D__1,BTHOT__Rk_2P%D__1,BTHOT__3P%__1,BTHOT__Rk_3P%__1,BTHOT__3P%D__1,BTHOT__Rk_3P%D__1,BTHOT__3PR__1,BTHOT__Rk_3PR__1,BTHOT__3PRD__1,BTHOT__Rk_3PRD__1,BTHOT__AdjT__1,BTHOT__Rk_AdjT__1,BTHOT__WAB__1,BTHOT__Rk_WAB__1,BTHOT__Rk__2,BTHOT__Conf__2,BTHOT__G__2,BTHOT__Rec__2,BTHOT__Wins__2,BTHOT__Losses__2,BTHOT__WinPct__2,BTHOT__AdjO__2,BTHOT__Rk_AdjO__2,BTHOT__AdjD__2,BTHOT__Rk_AdjD__2,BTHOT__Barthag__2,BTHOT__Rk_Barthag__2,BTHOT__EFG%__2,BTHOT__Rk_EFG%__2,BTHOT__EFGD%__2,BTHOT__Rk_EFGD%__2,BTHOT__TOR__2,BTHOT__Rk_TOR__2,BTHOT__TORD__2,BTHOT__Rk_TORD__2,BTHOT__ORB__2,BTHOT__Rk_ORB__2,BTHOT__DRB__2,BTHOT__Rk_DRB__2,BTHOT__FTR__2,BTHOT__Rk_FTR__2,BTHOT__FTRD__2,BTHOT__Rk_FTRD__2,BTHOT__2P%__2,BTHOT__Rk_2P%__2,BTHOT__2P%D__2,BTHOT__Rk_2P%D__2,BTHOT__3P%__2,BTHOT__Rk_3P%__2,BTHOT__3P%D__2,BTHOT__Rk_3P%D__2,BTHOT__3PR__2,BTHOT__Rk_3PR__2,BTHOT__3PRD__2,BTHOT__Rk_3PRD__2,BTHOT__AdjT__2,BTHOT__Rk_AdjT__2,BTHOT__WAB__2,BTHOT__Rk_WAB__2
Florida,1,,Lehigh,16,,,,4,SEC,26-7,26,7,0.7878787878787878,33.79,125.5,9,91.7,6,70.5,28,-0.036,289,16.01,5,119.4,3,103.4,26,7.96,29,284,PL,18-16,18,16,0.5294117647058824,-10.37,102.7,290,113.1,257,66.9,205,0.081,23,-8.61,330,104.9,304,113.5,342,-0.54,199,4,SEC,33,26-7,26,7,0.7879,126.1,11,92.3,4,0.9732,4,53.5,83,46.3,14,16.5,161,15.4,258,43.2,2,24.8,7,39.1,79,34.0,149,57.9,23,45.2,8,30.8,324,32.4,83,37.1,228,33.7,28,70.4,32,8.5,7,283,Pat,34,18-16,18,16,0.5294,102.6,289,112.8,262,0.2517,283,53.3,87,50.6,134,17.5,234,16.3,203,22.8,351,31.7,236,32.2,256,32.8,123,52.4,153,51.2,153,36.5,38,32.8,104,38.2,206,32.2,12,66.9,211,-12.0,244,5,SEC,4,4-0,4,0,1.0,128.9,16,91.7,10,0.9805,5,61.4,13,43.5,17,18.7,288,14.9,217,41.9,4,28.7,161,36.1,147,36.1,219,61.3,19,45.5,41,41.0,43,24.6,15,32.4,295,24.2,5,72.2,17,1.8,6,284,Pat,4,3-1,3,1,0.75,106.9,214,117.6,297,0.2489,284,54.8,88,53.1,210,17.9,266,13.2,300,26.5,257,30.3,209,33.7,187,19.9,10,54.5,121,53.3,205,36.8,115,35.2,195,36.5,230,37.8,155,66.1,239,-0.5,120,4,SEC,33,26-7,26,7,0.2121,2.8,5.0,-0.6,6.0,0.0073,1.0,7.9,-70.0,-2.8,3.0,2.2,127.0,-0.5,-41.0,-1.3,2.0,3.9,154.0,-3.0,68.0,2.1,70.0,3.4,-4.0,0.3,33.0,10.2,-281.0,-7.8,-68.0,-4.7,67.0,-9.5,-23.0,1.8,-15.0,-6.7,-1.0,283,Pat,34,18-16,18,16,0.2206,4.3,-75.0,4.8,35.0,-0.0028,1.0,1.5,1.0,2.5,76.0,0.4,32.0,-3.1,97.0,3.7,-94.0,-1.4,-27.0,1.5,-69.0,-12.9,-113.0,2.1,-32.0,2.1,52.0,0.3,77.0,2.4,91.0,-1.7,24.0,5.6,143.0,-0.8,28.0,11.5,-124.0
Clemson,8,,Iowa,9,,,,36,ACC,24-10,24,10,0.7058823529411765,19.24,116.5,71,97.3,20,64.2,333,0.011,156,10.53,65,115.2,54,104.7,60,0.64,167,25,B10,21-12,21,12,0.6363636363636364,22.44,121.7,31,99.3,30,63.0,357,-0.061,328,11.37,47,115.6,47,104.2,49,-7.17,336,30,ACC,34,24-10,24,10,0.7059,116.5,69,97.0,20,0.8925,30,52.6,119,48.9,62,14.2,29,17.5,121,28.1,261,25.7,16,37.1,130,33.1,131,53.8,91,49.0,64,34.1,167,32.6,91,42.9,114,42.9,293,64.3,330,3.2,31,26,B10,33,21-12,21,12,0.6364,122.1,30,100.2,35,0.907,26,56.6,14,52.7,249,15.2,73,21.0,13,30.1,194,28.0,66,34.5,198,39.1,286,58.7,16,54.0,275,35.7,73,33.7,166,41.6,140,39.1,172,63.0,358,1.9,38,81,ACC,3,1-2,1,2,0.3333,119.4,64,107.7,150,0.7669,81,52.2,175,59.0,337,13.2,62,15.8,177,26.3,263,25.3,72,46.0,30,32.3,166,55.6,96,63.3,359,32.5,224,36.6,242,49.7,32,50.9,354,63.2,345,-0.7,134,30,B10,4,2-2,2,2,0.5,119.9,61,97.1,36,0.9181,30,52.1,178,58.7,333,14.8,127,19.0,61,28.9,192,14.4,3,25.7,308,39.9,271,59.7,31,57.4,302,28.4,321,40.3,316,44.4,93,43.3,268,60.5,364,0.1,72,30,ACC,34,24-10,24,10,-0.3726,2.9,-5.0,10.7,130.0,-0.1256,51.0,-0.4,56.0,10.1,275.0,-1.0,33.0,-1.7,56.0,-1.8,2.0,-0.4,56.0,8.9,-100.0,-0.8,35.0,1.8,5.0,14.3,295.0,-1.6,57.0,4.0,151.0,6.8,-82.0,8.0,61.0,-1.1,15.0,-3.9,103.0,26,B10,33,21-12,21,12,-0.1364,-2.2,31.0,-3.1,1.0,0.0111,4.0,-4.5,164.0,6.0,84.0,-0.4,54.0,-2.0,48.0,-1.2,-2.0,-13.6,-63.0,-8.8,110.0,0.8,-15.0,1.0,15.0,3.4,27.0,-7.3,248.0,6.6,150.0,2.8,-47.0,4.2,96.0,-2.5,6.0,-1.8,34.0
Vanderbilt,5,,McNeese,12,,,,12,SEC,26-8,26,8,0.7647058823529411,27.51,126.8,7,99.3,31,68.8,98,0.018,133,14.56,13,118.0,13,103.4,29,1.16,148,68,Slnd,28-5,28,5,0.8484848484848485,12.48,114.3,91,101.8,49,66.2,246,0.084,21,-1.86,201,107.5,250,109.4,171,9.13,22,10,SEC,34,26-8,26,8,0.7647,127.4,7,99.3,29,0.9461,10,55.3,33,48.8,57,13.3,11,17.9,102,31.2,156,31.6,229,38.2,99,41.0,312,56.8,36,49.1,67,35.5,87,32.2,72,43.6,100,37.9,124,69.0,94,7.3,14,73,Slnd,33,28-5,28,5,0.8485,113.2,99,102.2,59,0.7639,73,51.0,191,48.9,62,14.3,30,24.6,1,35.0,49,35.0,339,38.3,96,42.1,323,52.9,133,49.1,67,31.6,299,32.5,89,35.1,271,46.8,350,66.1,250,0.7,43,57,SEC,4,1-3,1,3,0.25,124.4,33,108.3,154,0.832,57,53.4,133,56.1,291,13.8,93,15.7,185,30.6,145,31.1,234,30.0,245,50.2,351,57.0,65,49.6,111,32.4,231,44.9,353,43.0,115,36.6,126,66.3,226,-0.6,131,85,Slnd,4,4-0,4,0,1.0,106.5,217,96.2,27,0.7629,85,46.7,315,48.0,75,13.5,78,27.0,1,29.9,167,36.3,331,45.6,32,40.4,281,55.6,96,52.9,196,20.7,364,28.7,67,36.3,234,49.8,347,66.2,232,0.5,34,10,SEC,34,26-8,26,8,-0.5147,-3.0,26.0,9.0,125.0,-0.1141,47.0,-1.9,100.0,7.3,234.0,0.5,82.0,-2.2,83.0,-0.6,-11.0,-0.5,5.0,-8.2,146.0,9.2,39.0,0.2,29.0,0.5,44.0,-3.1,144.0,12.7,281.0,-0.6,15.0,-1.3,2.0,-2.7,132.0,-7.9,117.0,73,Slnd,33,28-5,28,5,0.1515,-6.7,118.0,-6.0,-32.0,-0.001,12.0,-4.3,124.0,-0.9,13.0,-0.8,48.0,2.4,0.0,-5.1,118.0,1.3,-8.0,7.3,-64.0,-1.7,-42.0,2.7,-37.0,3.8,129.0,-10.9,65.0,-3.8,-22.0,1.2,-37.0,3.0,-3.0,0.1,-18.0,-0.2,-9.0
Nebraska,4,,Troy,13,,,,14,B10,26-6,26,6,0.8125,26.16,118.5,55,92.4,7,66.7,218,0.034,98,11.59,42,116.4,32,104.8,63,-6.03,319,143,SB,22-11,22,11,0.6666666666666666,1.72,110.7,141,109.0,166,64.9,309,0.024,125,-3.23,226,107.5,249,110.8,220,4.15,84,20,B10,32,26-6,26,6,0.8125,117.3,61,93.5,7,0.9312,20,55.4,30,47.8,37,14.4,36,19.2,42,26.3,314,27.7,55,27.2,350,24.8,6,58.1,20,50.6,120,35.3,93,29.9,7,50.7,11,49.3,361,66.8,216,7.5,10,142,SB,33,22-11,22,11,0.6667,110.7,136,109.0,181,0.5438,142,51.9,151,50.1,105,17.0,200,16.9,161,34.8,53,31.6,229,36.3,146,32.1,104,53.7,93,52.0,195,33.2,214,31.3,41,45.6,54,38.4,148,65.1,303,-6.2,124,26,B10,4,3-1,3,1,0.75,114.3,103,91.7,9,0.9264,26,53.5,130,45.6,45,15.7,178,19.9,40,28.0,215,25.6,83,28.6,267,28.4,90,56.9,69,51.3,152,33.3,199,26.0,24,48.9,42,46.5,316,65.9,244,0.5,33,234,SB,4,3-1,3,1,0.75,108.5,189,115.0,260,0.3387,234,50.4,227,47.2,64,15.3,153,12.1,332,39.8,15,30.1,197,38.1,120,29.1,106,57.7,54,53.8,216,29.4,299,25.5,21,53.4,8,42.6,255,62.4,353,-0.7,143,20,B10,32,26-6,26,6,-0.0625,-3.0,42.0,-1.8,2.0,-0.0048,6.0,-1.9,100.0,-2.2,8.0,1.3,142.0,0.7,-2.0,1.7,-99.0,-2.1,28.0,1.4,-83.0,3.6,84.0,-1.2,49.0,0.7,32.0,-2.0,106.0,-3.9,17.0,-1.8,31.0,-2.8,-45.0,-0.9,28.0,-7.0,23.0,142,SB,33,22-11,22,11,0.0833,-2.2,53.0,6.0,79.0,-0.2051,92.0,-1.5,76.0,-2.9,-41.0,-1.7,-47.0,-4.8,171.0,5.0,-38.0,-1.5,-32.0,1.8,-26.0,-3.0,2.0,4.0,-39.0,1.8,21.0,-3.8,85.0,-5.8,-20.0,7.8,-46.0,4.2,107.0,-2.7,50.0,5.5,19.0
North Carolina,6,,VCU,11,,,,29,ACC,24-8,24,8,0.75,20.84,121.4,32,100.5,37,67.9,143,0.057,49,11.46,45,115.4,50,103.9,40,1.33,141,45,A10,27-7,27,7,0.7941176470588235,17.21,119.9,46,102.7,60,68.5,116,-0.007,207,3.49,102,110.4,109,106.9,96,-1.27,222,27,ACC,32,24-8,24,8,0.75,121.5,33,100.1,33,0.9029,27,54.6,52,48.2,43,14.0,22,13.6,344,31.4,144,28.1,69,37.4,120,23.8,3,56.7,37,46.1,14,34.5,147,34.5,217,42.3,130,36.9,99,68.0,140,4.9,21,48,A10,34,27-7,27,7,0.7941,119.3,49,103.1,69,0.8427,48,54.1,67,48.9,62,15.2,73,17.2,134,32.3,112,29.9,151,43.7,15,33.1,131,53.3,113,48.4,49,36.7,35,33.1,126,43.8,92,34.7,43,68.7,107,1.7,40,50,ACC,4,3-1,3,1,0.75,119.3,66,102.5,80,0.8513,50,53.8,116,51.8,170,16.4,211,12.3,330,32.4,111,30.1,197,44.1,48,21.4,16,60.3,25,51.0,144,29.7,292,35.4,201,41.0,141,39.3,192,65.9,244,1.1,11,32,A10,3,2-1,2,1,0.6667,121.1,52,100.7,59,0.8925,32,52.0,182,50.5,137,15.9,187,16.8,133,32.7,100,31.9,252,51.7,13,29.8,118,50.5,224,48.5,94,35.8,142,35.3,200,46.6,67,45.2,303,70.3,51,0.02,77,27,ACC,32,24-8,24,8,0.0,-2.2,33.0,2.4,47.0,-0.0516,23.0,-0.8,64.0,3.6,127.0,2.4,189.0,-1.3,-14.0,1.0,-33.0,2.0,128.0,6.7,-72.0,-2.4,13.0,3.6,-12.0,4.9,130.0,-4.8,145.0,0.9,-16.0,-1.3,11.0,2.4,93.0,-2.1,104.0,-3.8,-10.0,48,A10,34,27-7,27,7,-0.1274,1.8,3.0,-2.4,-10.0,0.0498,-16.0,-2.1,115.0,1.6,75.0,0.7,114.0,-0.4,-1.0,0.4,-12.0,2.0,101.0,8.0,-2.0,-3.3,-13.0,-2.8,111.0,0.1,45.0,-0.9,107.0,2.2,74.0,2.8,-25.0,10.5,260.0,1.6,-56.0,-1.68,37.0
Illinois,3,,Penn,14,,,,7,B10,24-8,24,8,0.75,32.1,131.2,2,99.1,28,65.5,277,-0.05,305,13.64,23,117.0,22,103.4,28,3.76,91,150,Ivy,18-11,18,11,0.6206896551724138,1.47,107.4,204,105.9,111,69.0,87,0.068,34,-0.69,166,109.2,154,109.9,189,0.51,171,6,B10,32,24-8,24,8,0.75,131.9,2,98.2,24,0.9676,6,55.1,38,47.6,34,13.2,9,11.6,365,38.7,3,27.0,37,32.9,239,20.6,1,58.2,18,48.0,43,34.7,137,31.4,44,50.7,11,42.2,274,65.7,272,6.6,16,147,Ivy,29,18-11,18,11,0.6207,106.6,212,105.4,105,0.5315,147,50.3,225,51.7,194,15.4,91,17.8,108,30.3,187,30.5,182,35.2,172,27.5,26,46.2,344,54.4,287,38.7,11,31.7,53,35.0,273,39.3,178,69.0,91,-6.0,120,6,B10,3,1-2,1,2,0.3333,139.8,3,103.3,92,0.9701,6,53.4,133,53.7,233,13.3,67,13.8,274,43.3,3,31.7,246,35.6,153,29.8,118,54.3,133,51.7,163,35.0,164,38.2,277,51.5,19,36.2,117,65.9,244,0.05,74,170,Ivy,3,2-1,2,1,0.6667,101.0,299,100.8,60,0.5064,170,49.2,264,49.7,111,14.5,117,18.8,70,29.1,186,23.6,41,34.1,178,30.2,128,42.6,357,55.1,250,42.1,31,28.4,63,31.8,302,43.0,262,71.0,40,-0.46,111,6,B10,32,24-8,24,8,-0.4167,7.9,1.0,5.1,68.0,0.0025,0.0,-1.7,95.0,6.1,199.0,0.1,58.0,2.2,-91.0,4.6,0.0,4.7,209.0,2.7,-86.0,9.2,117.0,-3.9,115.0,3.7,120.0,0.3,27.0,6.8,233.0,0.8,8.0,-6.0,-157.0,0.2,-28.0,-6.55,58.0,147,Ivy,29,18-11,18,11,0.046,-5.6,87.0,-4.6,-45.0,-0.0251,23.0,-1.1,39.0,-2.0,-83.0,-0.9,26.0,1.0,-38.0,-1.2,-1.0,-6.9,-141.0,-1.1,6.0,2.7,102.0,-3.6,13.0,0.7,-37.0,3.4,20.0,-3.3,10.0,-3.2,29.0,3.7,84.0,2.0,-51.0,5.54,-9.0
Saint Mary's,7,,Texas A&M,10,,,,24,WCC,27-5,27,5,0.84375,23.07,120.3,43,97.2,19,65.2,297,0.011,155,4.99,93,111.5,96,106.5,92,3.9,90,39,SEC,21-11,21,11,0.65625,18.67,119.7,49,101.0,41,70.5,29,-0.002,192,11.15,52,117.0,23,105.8,82,-5.88,317,25,WCC,32,27-5,27,5,0.8438,119.4,48,97.6,22,0.9104,25,52.9,109,46.7,18,16.4,157,15.2,271,37.6,12,23.8,4,35.8,161,25.7,11,50.2,247,46.6,20,38.6,13,31.2,40,36.1,245,36.8,92,65.3,290,4.0,24,39,SEC,32,21-11,21,11,0.6562,119.9,42,101.4,43,0.8729,39,54.2,61,50.8,143,14.6,44,18.3,83,32.3,112,32.5,281,37.4,120,35.6,197,54.1,84,53.1,240,36.2,46,31.7,53,46.3,41,41.5,255,71.0,21,1.6,41,17,WCC,4,4-0,4,0,1.0,123.9,38,96.5,30,0.9463,17,53.9,113,47.6,68,17.0,240,15.4,202,41.4,6,19.9,12,26.3,300,26.3,62,46.7,313,48.3,90,44.0,10,30.9,99,37.4,215,35.5,100,65.0,284,1.7,7,67,SEC,4,2-2,2,2,0.5,115.9,84,102.8,86,0.7983,67,51.5,196,50.8,145,14.8,127,14.1,261,31.7,124,34.1,298,35.7,152,36.2,221,53.9,140,53.3,205,31.5,253,31.2,106,36.9,224,38.3,169,69.2,94,-0.01,79,25,WCC,32,27-5,27,5,0.1562,4.5,-10.0,-1.1,8.0,0.0359,-8.0,1.0,4.0,0.9,50.0,0.6,83.0,0.2,-69.0,3.8,-6.0,-3.9,8.0,-9.5,139.0,0.6,51.0,-3.5,66.0,1.7,70.0,5.4,-3.0,-0.3,59.0,1.3,-30.0,-1.3,8.0,-0.3,-6.0,-2.3,-17.0,39,SEC,32,21-11,21,11,-0.1562,-4.0,42.0,1.4,43.0,-0.0746,28.0,-2.7,135.0,0.0,2.0,0.2,83.0,-4.2,178.0,-0.6,12.0,1.6,17.0,-1.7,32.0,0.6,24.0,-0.2,56.0,0.2,-35.0,-4.7,207.0,-0.5,53.0,-9.4,183.0,-3.2,-86.0,-1.8,73.0,-1.61,38.0
Houston,2,,Idaho,15,,,,5,B12,28-6,28,6,0.8235294117647058,33.43,124.9,14,91.4,5,63.3,352,-0.006,203,13.58,24,116.9,25,103.3,24,0.87,156,145,BSky,21-14,21,14,0.6,1.53,108.8,176,107.3,136,67.7,156,-0.012,217,-1.67,195,109.4,147,111.1,233,0.74,161,5,B12,34,28-6,28,6,0.8235,125.4,12,92.4,5,0.971,5,52.1,141,46.6,17,13.0,4,21.0,13,35.9,28,30.9,196,26.9,352,39.0,282,51.9,170,45.5,9,34.9,126,32.1,67,40.8,151,40.9,235,63.3,352,9.0,5,136,BSky,35,21-14,21,14,0.6,108.8,166,106.2,122,0.5701,136,51.9,151,50.3,117,15.0,58,15.2,271,28.9,237,24.2,5,34.8,187,39.2,290,52.0,167,49.3,74,34.5,147,34.8,234,46.8,34,35.8,67,67.4,179,-8.9,176,14,B12,3,1-2,1,2,0.3333,122.8,45,94.8,21,0.9513,14,48.3,288,49.0,89,13.6,82,16.1,159,32.4,111,25.3,72,34.6,169,44.2,316,46.4,321,50.4,125,34.3,180,30.2,90,37.4,215,27.6,13,64.9,290,-0.18,83,160,BSky,5,3-2,3,2,0.6,111.6,137,110.7,193,0.5215,160,51.8,187,52.0,178,15.8,183,14.6,236,36.9,34,22.4,32,27.9,281,43.3,311,44.2,347,48.3,90,40.7,45,39.4,304,44.9,90,34.8,82,66.8,203,-1.2,194,5,B12,34,28-6,28,6,-0.4902,-2.6,33.0,2.4,16.0,-0.0197,9.0,-3.8,147.0,2.4,72.0,0.6,78.0,-4.9,146.0,-3.5,83.0,-5.6,-124.0,7.7,-183.0,5.2,34.0,-5.5,151.0,4.9,116.0,-0.6,54.0,-1.9,23.0,-3.4,64.0,-13.3,-222.0,1.6,-62.0,-9.18,78.0,136,BSky,35,21-14,21,14,0.0,2.8,-29.0,4.5,71.0,-0.0486,24.0,-0.1,36.0,1.7,61.0,0.8,125.0,-0.6,-35.0,8.0,-203.0,-1.8,27.0,-6.9,94.0,4.1,21.0,-7.8,180.0,-1.0,16.0,6.2,-102.0,4.6,70.0,-1.9,56.0,-1.0,15.0,-0.6,24.0,7.7,18.0
Duke,1,,Siena,16,,,,1,ACC,32-2,32,2,0.9411764705882352,38.9,128.0,4,89.1,2,65.3,287,0.049,63,14.29,15,117.0,24,102.7,10,10.07,18,192,MAAC,23-11,23,11,0.6764705882352942,-2.1,107.1,210,109.2,175,64.6,319,0.005,177,-9.48,347,102.9,350,112.4,297,-7.72,343,1,ACC,34,32-2,32,2,0.9412,128.1,4,90.8,1,0.9813,1,56.8,13,46.2,12,15.7,115,18.1,92,38.1,8,24.8,7,37.8,108,23.7,2,60.1,8,46.6,20,35.1,107,30.4,17,44.4,79,45.7,341,65.8,267,13.7,2,186,MAAC,34,23-11,23,11,0.6765,107.3,197,108.9,175,0.455,186,50.6,208,48.6,52,16.0,134,17.1,140,31.9,127,29.0,100,34.2,204,27.2,24,52.8,138,48.2,46,30.4,334,32.8,104,31.9,329,39.3,178,64.6,319,-7.8,151,1,ACC,4,4-0,4,0,1.0,140.5,1,83.2,1,0.9976,1,58.0,38,41.2,6,13.5,78,14.3,253,37.3,27,23.1,36,42.7,63,29.5,111,57.0,65,47.3,71,39.4,66,23.5,11,46.2,73,50.7,352,64.2,316,2.6,2,253,MAAC,4,2-2,2,2,0.5,103.5,259,110.9,198,0.3118,253,47.6,303,49.1,93,15.3,153,16.5,144,26.0,273,30.1,197,45.5,33,28.1,87,50.7,218,47.6,79,27.0,337,34.6,175,30.1,328,35.5,100,65.4,268,-1.6,242,1,ACC,34,32-2,32,2,0.0588,12.4,-3.0,-7.6,0.0,0.0163,0.0,1.2,25.0,-5.0,-6.0,-2.2,-37.0,-3.8,161.0,-0.8,19.0,-1.7,29.0,4.9,-45.0,5.8,109.0,-3.1,57.0,0.7,51.0,4.3,-41.0,-6.9,-6.0,1.8,-6.0,5.0,11.0,-1.6,49.0,-11.1,0.0,186,MAAC,34,23-11,23,11,-0.1765,-3.8,62.0,2.0,23.0,-0.1432,67.0,-3.0,95.0,0.5,41.0,-0.7,19.0,-0.6,4.0,-5.9,146.0,1.1,97.0,11.3,-171.0,0.9,63.0,-2.1,80.0,-0.6,33.0,-3.4,3.0,1.8,71.0,-1.8,-1.0,-3.8,-78.0,0.8,-51.0,6.2,91.0
Ohio State,8,,TCU,9,,,,26,B10,21-12,21,12,0.6363636363636364,22.24,124.3,17,102.1,54,66.1,251,-0.031,272,13.67,22,116.6,28,103.0,15,-1.82,236,43,B12,22-11,22,11,0.6666666666666666,17.59,115.4,81,97.8,22,67.7,159,0.004,179,11.04,53,115.2,55,104.1,46,-6.96,333,23,B10,33,21-12,21,12,0.6364,125.2,13,101.6,47,0.917,23,56.5,17,50.3,117,15.4,91,15.8,231,30.8,174,30.0,156,37.8,108,35.1,176,58.2,18,52.3,208,36.0,56,31.6,50,40.1,167,40.3,214,66.2,247,2.9,32,49,B12,33,22-11,22,11,0.6667,114.9,84,99.7,30,0.8364,49,50.9,198,51.0,157,15.5,101,19.7,31,34.4,62,29.2,119,38.7,87,30.4,67,51.6,186,51.3,155,33.1,222,33.7,166,36.9,232,38.1,134,67.6,170,2.4,35,18,B10,4,2-2,2,2,0.5,126.1,25,98.5,44,0.9446,18,56.0,67,52.5,196,14.8,127,13.6,287,25.4,279,30.2,205,44.7,43,30.4,132,55.1,110,56.6,281,38.3,80,30.7,96,40.7,149,39.3,192,63.9,325,0.7,21,65,B12,4,3-1,3,1,0.75,110.0,162,97.1,35,0.8078,65,45.6,333,52.5,196,14.0,99,21.2,29,38.2,23,24.8,63,48.8,18,28.7,94,47.1,305,56.1,272,28.7,317,31.0,101,36.3,234,37.7,149,68.7,109,0.48,35,23,B10,33,21-12,21,12,-0.1364,0.9,12.0,-3.1,-3.0,0.0276,-5.0,-0.5,50.0,2.2,79.0,-0.6,36.0,-2.2,56.0,-5.4,105.0,0.2,49.0,6.9,-65.0,-4.7,-44.0,-3.1,92.0,4.3,73.0,2.3,24.0,-0.9,46.0,0.6,-18.0,-1.0,-22.0,-2.3,78.0,-2.2,-11.0,49,B12,33,22-11,22,11,0.0833,-4.9,78.0,-2.6,5.0,-0.0286,16.0,-5.3,135.0,1.5,39.0,-1.5,-2.0,1.5,-2.0,3.8,-39.0,-4.4,-56.0,10.1,-69.0,-1.7,27.0,-4.5,119.0,4.8,117.0,-4.4,95.0,-2.7,-65.0,-0.6,2.0,-0.4,15.0,1.1,-61.0,-1.92,0.0
St. John's,5,,Northern Iowa,12,,,,17,BE,28-6,28,6,0.8235294117647058,25.91,120.1,44,94.2,12,69.6,68,0.061,44,11.52,43,115.1,59,103.6,31,6.61,44,72,MVC,23-12,23,12,0.6571428571428571,11.81,110.0,153,98.2,24,62.3,363,-0.07,334,1.27,127,109.5,142,108.2,132,-0.87,208,15,BE,34,28-6,28,6,0.8235,119.8,43,94.1,10,0.9414,15,51.0,191,47.4,29,14.7,48,19.4,36,35.9,28,30.2,169,41.9,35,31.8,97,51.6,186,47.5,37,33.2,214,31.3,41,33.8,299,33.7,28,69.6,63,7.3,15,70,MVC,35,23-12,23,12,0.6571,109.7,150,98.6,25,0.7738,70,54.2,61,47.2,23,14.6,44,18.1,92,22.0,355,26.3,21,25.7,360,29.3,50,55.3,52,50.0,101,34.9,126,28.9,3,39.6,178,41.5,255,62.2,365,-5.3,104,21,BE,4,3-1,3,1,0.75,109.8,166,86.6,2,0.9389,21,46.2,327,45.8,48,14.2,103,17.9,95,31.8,123,20.1,14,37.0,142,26.9,67,45.1,338,47.8,80,32.4,231,28.6,64,31.1,306,40.1,219,69.5,81,0.9,17,98,MVC,4,2-2,2,2,0.5,111.0,150,102.3,77,0.7173,98,58.1,36,50.2,124,13.9,95,24.7,3,19.5,344,34.1,298,21.2,351,17.5,3,54.5,121,52.6,188,42.4,26,31.7,119,39.2,174,46.5,316,62.4,353,-1.4,210,15,BE,34,28-6,28,6,-0.0735,-10.0,123.0,-7.5,-8.0,-0.0025,6.0,-4.8,136.0,-1.6,19.0,-0.5,55.0,-1.5,59.0,-4.1,95.0,-10.1,-155.0,-4.9,107.0,-4.9,-30.0,-6.5,152.0,0.3,43.0,-0.8,17.0,-2.7,23.0,-2.7,7.0,6.4,191.0,-0.1,18.0,-6.4,2.0,70,MVC,35,23-12,23,12,-0.1571,1.3,0.0,3.7,52.0,-0.0565,28.0,3.9,-25.0,3.0,101.0,-0.7,51.0,6.6,-89.0,-2.5,-11.0,7.8,277.0,-4.5,-9.0,-11.8,-47.0,-0.8,69.0,2.6,87.0,7.5,-100.0,2.8,116.0,-0.4,-4.0,5.0,61.0,0.2,-12.0,3.9,106.0
Kansas,4,,Cal Baptist,13,,,,21,B12,23-10,23,10,0.696969696969697,24.44,118.3,57,93.9,10,67.6,164,0.053,57,16.95,1,118.0,12,101.0,1,10.99,15,106,WAC,25-8,25,8,0.7575757575757576,5.99,107.9,191,101.9,50,65.8,265,0.091,19,-1.95,204,107.1,265,109.1,161,-3.32,275,22,B12,33,23-10,23,10,0.697,117.9,56,94.4,11,0.9279,22,51.6,170,45.2,4,15.5,101,14.0,334,29.5,220,30.1,163,32.6,247,27.7,29,51.1,209,44.7,6,35.0,113,30.7,26,35.7,257,42.0,270,67.6,168,6.3,18,96,WAC,33,25-8,25,8,0.7576,107.5,193,100.3,37,0.6887,96,48.6,299,46.4,15,18.1,272,17.1,140,37.8,11,27.2,44,36.1,151,37.1,237,47.7,316,47.3,34,33.7,188,29.7,6,32.1,327,31.7,8,65.9,261,-2.3,74,29,B12,4,2-2,2,2,0.5,118.8,69,96.2,28,0.919,29,47.9,294,45.4,39,15.8,183,14.0,265,25.4,279,36.1,328,25.3,313,31.5,155,44.3,346,47.4,73,36.7,121,28.3,61,33.3,275,39.4,198,67.0,193,0.5,31,114,WAC,3,2-1,2,1,0.6667,104.6,245,99.0,48,0.6523,114,45.1,339,42.3,10,19.5,311,19.5,50,35.8,45,40.2,357,28.2,276,31.4,152,41.2,360,43.7,21,35.0,164,25.0,17,34.5,259,22.9,3,64.6,304,-0.43,106,22,B12,33,23-10,23,10,-0.197,0.9,13.0,1.8,17.0,-0.0089,7.0,-3.7,124.0,0.2,35.0,0.3,82.0,0.0,-69.0,-4.1,59.0,6.0,165.0,-7.3,66.0,3.8,126.0,-6.8,137.0,2.7,67.0,1.7,8.0,-2.4,35.0,-2.4,18.0,-2.6,-72.0,-0.6,25.0,-5.8,13.0,96,WAC,33,25-8,25,8,-0.0909,-2.9,52.0,-1.3,11.0,-0.0364,18.0,-3.5,40.0,-4.1,-5.0,1.4,39.0,2.4,-90.0,-2.0,34.0,13.0,313.0,-7.9,125.0,-5.7,-85.0,-6.5,44.0,-3.6,-13.0,1.3,-24.0,-4.7,11.0,2.4,-68.0,-8.8,-5.0,-1.3,43.0,1.87,32.0
Louisville,6,,South Florida,11,,,,19,ACC,23-10,23,10,0.696969696969697,25.42,124.1,19,98.6,25,69.6,62,-0.02,239,12.55,30,115.8,40,103.3,25,2.41,116,47,Amer,25-8,25,8,0.7575757575757576,16.39,117.3,61,100.9,40,71.5,15,-0.026,253,3.04,104,111.2,97,108.2,131,4.94,73,17,ACC,33,23-10,23,10,0.697,124.0,22,98.2,23,0.9364,17,56.4,21,48.8,57,16.4,157,16.7,172,32.9,94,26.9,31,33.5,223,33.4,137,59.7,9,48.6,53,35.7,73,32.7,97,52.8,4,39.1,172,69.7,62,4.0,25,50,Amer,33,25-8,25,8,0.7576,116.8,67,101.4,44,0.8351,50,50.9,198,48.4,47,15.2,73,18.8,56,38.2,6,31.8,243,41.1,47,38.8,277,51.9,170,46.7,24,33.1,222,33.9,174,43.8,92,39.5,183,71.4,17,-0.26,50,48,ACC,4,1-3,1,3,0.25,120.2,58,103.2,90,0.8524,48,55.0,84,58.0,319,19.5,311,15.7,185,32.6,105,21.4,23,23.2,332,33.3,178,55.5,102,60.9,343,36.4,128,35.0,187,56.0,3,34.6,80,71.0,40,-0.8,159,16,Amer,3,3-0,3,0,1.0,116.7,80,90.8,5,0.947,16,46.2,327,43.4,16,13.6,82,25.4,2,40.9,10,28.4,155,39.7,93,40.0,274,46.9,311,34.9,1,30.2,283,35.1,190,43.2,111,48.1,331,70.8,43,0.35,45,17,ACC,33,23-10,23,10,-0.447,-3.8,36.0,5.0,67.0,-0.084,31.0,-1.4,63.0,9.2,262.0,3.1,154.0,-1.0,13.0,-0.3,11.0,-5.5,-8.0,-10.3,109.0,-0.1,41.0,-4.2,93.0,12.3,290.0,0.7,55.0,2.3,90.0,3.2,-1.0,-4.5,-92.0,1.3,-22.0,-4.8,134.0,50,Amer,33,25-8,25,8,0.2424,-0.1,13.0,-10.6,-39.0,0.1119,-34.0,-4.7,129.0,-5.0,-31.0,-1.6,9.0,6.6,-54.0,2.7,4.0,-3.4,-88.0,-1.4,46.0,1.2,-3.0,-5.0,141.0,-11.8,-23.0,-2.9,61.0,1.2,16.0,-0.6,19.0,8.6,148.0,-0.6,26.0,0.61,-5.0
Michigan State,3,,North Dakota State,14,,,,9,B10,25-7,25,7,0.78125,28.31,123.0,24,94.7,13,66.0,252,0.005,178,13.69,21,118.0,11,104.4,55,3.65,93,113,Sum,27-7,27,7,0.7941176470588235,5.13,111.7,124,106.6,124,66.3,237,0.04,89,-5.83,282,106.5,280,112.3,293,-0.97,214,13,B10,32,25-7,25,7,0.7812,122.9,28,96.2,16,0.9438,13,53.6,78,48.6,52,17.1,208,14.8,302,38.5,4,22.6,1,36.2,148,30.9,80,53.4,107,48.0,43,35.9,63,32.9,109,36.4,240,46.0,344,66.0,257,7.4,11,114,Sum,34,27-7,27,7,0.7941,111.5,122,106.0,121,0.6393,114,53.4,85,51.5,187,15.6,108,18.7,59,33.6,77,25.7,16,30.7,287,29.1,48,53.2,120,52.6,220,35.7,73,33.5,150,42.7,120,44.4,326,66.4,236,-3.4,83,4,B10,4,4-0,4,0,1.0,128.7,17,90.8,6,0.9822,4,56.9,50,50.0,118,15.3,153,12.9,313,33.3,86,22.3,30,32.9,199,23.0,27,52.7,171,52.2,181,42.4,26,31.8,121,39.4,170,48.2,333,63.9,325,2.4,3,149,Sum,4,3-1,3,1,0.75,106.9,213,104.8,107,0.5557,149,56.8,53,49.6,106,14.6,122,14.9,217,27.4,235,17.7,5,28.3,272,25.4,42,54.6,120,57.3,296,39.5,64,28.6,64,46.7,66,53.4,363,69.4,87,-0.44,107,13,B10,32,25-7,25,7,0.2188,5.8,-11.0,-5.4,-10.0,0.0384,-9.0,3.3,-28.0,1.4,66.0,-1.8,-55.0,-1.9,11.0,-5.2,82.0,-0.3,29.0,-3.3,51.0,-7.9,-53.0,-0.7,64.0,4.2,138.0,6.5,-37.0,-1.1,12.0,3.0,-70.0,2.2,-11.0,-2.1,68.0,-5.0,-8.0,114,Sum,34,27-7,27,7,-0.0441,-4.6,91.0,-1.2,-14.0,-0.0836,35.0,3.4,-32.0,-1.9,-81.0,-1.0,14.0,-3.8,158.0,-6.2,158.0,-8.0,-11.0,-2.4,-15.0,-3.7,-6.0,1.4,0.0,4.7,76.0,3.8,-9.0,-4.9,-86.0,4.0,-54.0,9.0,37.0,3.0,-149.0,2.96,24.0
UCLA,7,,UCF,10,,,,27,B10,23-11,23,11,0.6764705882352942,21.67,123.7,22,102.1,53,64.6,318,0.017,136,12.22,33,116.1,35,103.9,37,-2.17,249,54,B12,21-11,21,11,0.65625,15.04,120.5,40,105.4,101,69.2,78,0.097,17,11.91,39,115.0,61,103.1,17,-2.56,258,24,B10,34,23-11,23,11,0.6765,124.5,17,101.8,51,0.9106,24,53.9,71,50.4,124,13.4,12,18.1,92,31.1,161,32.4,275,33.1,234,34.7,169,52.0,167,52.7,223,38.2,16,31.8,57,35.9,253,44.7,330,64.7,317,3.6,29,57,B12,32,21-11,21,11,0.6562,120.0,39,105.7,114,0.8119,57,52.8,111,52.4,234,15.7,115,15.8,231,34.4,62,28.5,86,30.8,285,35.2,181,52.1,165,53.2,244,36.2,46,34.0,184,34.4,285,39.7,193,69.1,86,2.1,37,51,B10,4,2-2,2,2,0.5,129.5,12,111.3,209,0.8511,51,54.5,97,55.8,282,10.4,9,15.4,202,27.1,245,37.0,338,20.9,352,28.6,92,53.7,144,51.7,163,37.1,110,39.8,307,39.8,164,50.4,351,64.1,320,0.45,38,23,B12,4,3-1,3,1,0.75,129.0,15,103.0,88,0.9306,23,60.3,22,50.4,133,15.5,164,14.4,246,28.8,194,34.2,300,26.1,302,30.2,128,55.0,114,51.9,170,47.4,1,31.9,126,32.8,290,37.3,143,68.6,113,0.6,25,24,B10,34,23-11,23,11,-0.1765,5.0,-5.0,9.5,158.0,-0.0595,27.0,0.6,26.0,5.4,158.0,-3.0,-3.0,-2.7,110.0,-4.0,84.0,4.6,63.0,-12.2,118.0,-6.1,-77.0,1.7,-23.0,-1.0,-60.0,-1.1,94.0,8.0,250.0,3.9,-89.0,5.7,21.0,-0.6,3.0,-3.15,9.0,57,B12,32,21-11,21,11,0.0938,9.0,-24.0,-2.7,-26.0,0.1187,-34.0,7.5,-89.0,-2.0,-101.0,-0.2,49.0,-1.4,15.0,-5.6,132.0,5.7,214.0,-4.7,17.0,-5.0,-53.0,2.9,-51.0,-1.3,-74.0,11.2,-45.0,-2.1,-58.0,-1.6,5.0,-2.4,-50.0,-0.5,27.0,-1.5,-12.0
UConn,2,,Furman,15,,,,11,BE,29-5,29,5,0.8529411764705882,27.87,122.0,30,94.1,11,64.4,322,0.055,55,12.01,36,115.3,53,103.3,23,7.63,38,191,SC,22-12,22,12,0.6470588235294118,-1.98,107.5,200,109.4,181,65.9,263,0.01,159,-6.29,289,108.1,217,114.4,356,-0.7,204,9,BE,34,29-5,29,5,0.8529,123.1,25,95.0,12,0.9518,9,55.3,33,45.7,9,16.8,183,18.0,98,35.7,33,28.7,94,30.0,310,40.2,301,57.1,31,45.8,12,35.2,104,30.3,13,40.3,163,36.2,83,64.6,323,8.8,6,194,SC,34,22-12,22,12,0.6471,106.9,207,109.0,177,0.4441,194,54.8,45,50.1,105,17.8,255,13.7,342,31.0,166,27.5,51,32.1,257,28.9,43,59.0,13,50.9,134,33.3,208,32.6,91,46.3,41,41.9,269,65.8,265,-8.7,173,10,BE,4,3-1,3,1,0.75,125.2,31,96.1,26,0.9542,10,54.8,88,45.7,47,15.0,135,15.8,177,30.5,148,27.8,140,31.3,227,32.3,166,56.8,72,40.7,6,34.7,175,36.1,227,41.9,130,37.2,140,65.6,260,0.7,23,228,SC,4,2-2,2,2,0.5,105.8,230,111.8,218,0.3456,228,51.6,191,52.4,190,15.3,153,11.3,346,32.1,117,26.5,110,37.1,139,29.3,110,57.3,61,52.7,192,28.9,310,34.7,178,40.7,149,43.5,274,64.7,296,-1.6,247,9,BE,34,29-5,29,5,-0.1029,2.1,6.0,1.1,14.0,0.0024,1.0,-0.5,55.0,0.0,38.0,-1.8,-48.0,-2.2,79.0,-5.2,115.0,-0.9,46.0,1.3,-83.0,-7.9,-135.0,-0.3,41.0,-5.1,-6.0,-0.5,71.0,5.8,214.0,1.6,-33.0,1.0,57.0,1.0,-63.0,-8.1,17.0,194,SC,34,22-12,22,12,-0.1471,-1.1,23.0,2.8,41.0,-0.0985,34.0,-3.2,146.0,2.3,85.0,-2.5,-102.0,-2.4,4.0,1.1,-49.0,-1.0,59.0,5.0,-118.0,0.4,67.0,-1.7,48.0,1.8,58.0,-4.4,102.0,2.1,87.0,-5.6,108.0,1.6,5.0,-1.1,31.0,7.1,74.0
Michigan,1,,Howard,16,,,,3,B10,31-3,31,3,0.9117647058823528,37.59,126.6,8,89.0,1,70.9,22,0.045,70,16.65,3,119.1,4,102.5,5,12.49,11,207,MEAC,23-10,23,10,0.696969696969697,-3.19,103.1,283,106.3,117,69.0,89,-0.01,210,-14.6,364,100.5,363,115.1,361,-1.69,234,2,B10,34,31-3,31,3,0.9118,127.6,6,91.0,2,0.9799,2,58.1,9,44.7,1,16.7,175,15.5,251,35.4,40,27.7,55,37.7,112,26.3,16,61.0,3,44.3,4,36.0,56,30.2,10,41.8,136,41.8,268,71.2,20,14.0,1,206,MEAC,33,23-10,23,10,0.697,103.4,275,106.2,123,0.4242,206,50.6,208,47.4,29,19.8,342,21.3,7,36.6,20,32.0,251,44.2,10,38.3,265,49.9,256,48.3,48,34.7,137,30.4,17,34.3,288,34.0,33,69.0,90,-6.9,135,2,B10,4,3-1,3,1,0.75,134.6,7,92.6,12,0.9866,2,57.9,40,49.8,112,17.1,245,13.3,297,34.4,71,29.0,171,27.5,287,22.7,25,56.3,80,50.7,130,39.8,58,32.4,137,45.0,88,44.6,294,68.2,135,2.0,5,117,MEAC,3,3-0,3,0,1.0,111.8,133,106.3,131,0.6403,117,60.6,18,42.6,11,19.2,300,18.7,75,46.4,2,32.5,265,39.1,102,34.4,194,59.2,34,48.9,99,42.2,29,16.7,1,34.8,254,26.2,8,70.2,56,0.05,75,2,B10,34,31-3,31,3,-0.1618,7.0,1.0,1.6,10.0,0.0067,0.0,-0.2,31.0,5.1,111.0,0.4,70.0,-2.2,46.0,-1.0,31.0,1.3,116.0,-10.2,175.0,-3.6,9.0,-4.7,77.0,6.4,126.0,3.8,2.0,2.2,127.0,3.2,-48.0,2.8,26.0,-3.0,115.0,-12.0,4.0,206,MEAC,33,23-10,23,10,0.303,8.4,-142.0,0.1,8.0,0.2161,-89.0,10.0,-190.0,-4.8,-18.0,-0.6,-42.0,-2.6,68.0,9.8,-18.0,0.5,14.0,-5.1,92.0,-3.9,-71.0,9.3,-222.0,0.6,51.0,7.5,-108.0,-13.7,-16.0,0.5,-34.0,-7.8,-25.0,1.2,-34.0,6.95,-60.0
Georgia,8,,Saint Louis,9,,,,32,SEC,22-10,22,10,0.6875,20.48,124.7,16,104.2,80,71.4,16,-0.005,196,10.78,61,116.0,39,105.2,70,-6.45,326,41,A10,28-5,28,5,0.8484848484848485,18.32,119.5,51,101.2,42,71.0,21,0.03,110,1.03,130,108.9,173,107.8,122,-5.82,316,37,SEC,32,22-10,22,10,0.6875,124.3,18,104.8,92,0.8774,37,54.6,52,50.1,105,14.3,30,18.4,77,35.2,48,34.9,337,37.0,132,30.8,79,57.3,26,49.9,97,34.1,167,33.7,166,43.9,89,37.6,120,72.0,11,2.6,33,43,A10,33,28-5,28,5,0.8485,119.6,46,102.2,61,0.8584,43,59.7,3,44.8,2,17.4,225,16.1,218,31.1,161,27.0,37,34.7,191,37.2,241,58.9,15,44.6,5,40.5,2,30.0,8,45.1,64,41.6,260,71.0,22,1.9,39,19,SEC,4,3-1,3,1,0.75,140.4,2,110.1,183,0.9426,19,61.2,14,53.7,233,10.0,6,13.1,308,28.2,207,36.4,335,32.2,213,39.9,271,56.3,80,55.9,267,44.8,6,33.7,155,45.1,86,40.4,227,64.5,307,1.1,10,145,A10,4,2-2,2,2,0.5,111.9,130,109.4,171,0.5653,145,56.2,63,49.6,106,20.2,326,17.4,112,28.6,197,28.9,169,37.8,130,48.5,342,52.3,177,45.6,42,41.1,40,36.3,234,42.2,126,44.9,300,70.9,42,-0.8,164,37,SEC,32,22-10,22,10,0.0625,16.1,-16.0,5.3,91.0,0.0652,-18.0,6.6,-38.0,3.6,128.0,-4.3,-24.0,-5.3,231.0,-7.0,159.0,1.5,-2.0,-4.8,81.0,9.1,192.0,-1.0,54.0,6.0,170.0,10.7,-161.0,0.0,-11.0,1.2,-3.0,2.8,107.0,-7.5,296.0,-1.5,-23.0,43,A10,33,28-5,28,5,-0.3485,-7.7,84.0,7.2,110.0,-0.2931,102.0,-3.5,60.0,4.8,104.0,2.8,101.0,1.3,-106.0,-2.5,36.0,1.9,132.0,3.1,-61.0,11.3,101.0,-6.6,162.0,1.0,37.0,0.6,38.0,6.3,226.0,-2.9,62.0,3.3,40.0,-0.1,20.0,-2.7,125.0
Texas Tech,5,,Akron,12,,,,20,B12,22-10,22,10,0.6875,25.22,125.0,12,99.8,33,66.2,243,0.006,175,15.64,8,118.3,10,102.7,8,7.75,33,64,MAC,29-5,29,5,0.8529411764705882,12.8,118.8,54,106.0,113,70.3,32,0.018,132,-3.65,236,108.5,194,112.1,286,-3.11,267,12,B12,32,22-10,22,10,0.6875,126.3,10,98.8,27,0.944,12,56.2,23,49.4,80,15.9,122,14.7,306,33.3,83,30.1,163,27.1,351,31.6,96,53.6,97,50.6,120,39.3,5,31.5,47,48.0,25,35.0,47,66.4,232,5.0,20,71,MAC,34,29-5,29,5,0.8529,117.2,64,105.3,102,0.7727,71,58.5,7,50.6,134,15.5,101,18.4,77,33.5,79,29.9,151,29.1,330,30.3,63,59.1,12,49.0,64,38.5,14,35.1,251,45.1,64,43.2,300,70.3,34,-0.2,48,9,B12,4,3-1,3,1,0.75,138.4,4,103.4,93,0.9662,9,62.9,7,47.7,70,19.2,300,9.6,361,38.2,23,28.8,162,30.3,241,30.3,130,59.8,30,46.2,57,44.2,8,33.7,155,47.1,58,35.2,90,63.5,337,1.0,16,55,MAC,4,4-0,4,0,1.0,121.1,51,104.8,104,0.8414,55,60.2,23,50.4,133,16.8,231,17.9,95,34.6,65,26.8,115,31.7,219,27.0,71,58.6,44,43.5,18,41.5,37,38.3,280,43.1,113,49.2,341,71.8,23,0.47,36,12,B12,32,22-10,22,10,0.0625,12.1,-6.0,4.6,66.0,0.0222,-3.0,6.7,-16.0,-1.7,-10.0,3.3,178.0,-5.1,55.0,4.9,-60.0,-1.3,-1.0,3.2,-110.0,-1.3,34.0,6.2,-67.0,-4.4,-63.0,4.9,3.0,2.2,108.0,-0.9,33.0,0.2,43.0,-2.9,105.0,-4.0,-4.0,71,MAC,34,29-5,29,5,0.1471,3.9,-13.0,-0.5,2.0,0.0687,-16.0,1.7,16.0,-0.2,-1.0,1.3,130.0,-0.5,18.0,1.1,-14.0,-3.1,-36.0,2.6,-111.0,-3.3,8.0,-0.5,32.0,-5.5,-46.0,3.0,23.0,3.2,29.0,-2.0,49.0,6.0,41.0,1.5,-11.0,0.67,-12.0
Alabama,4,,Hofstra,13,,,,18,SEC,23-9,23,9,0.71875,25.72,129.0,3,103.3,67,73.1,4,0.019,130,16.75,2,119.4,1,102.7,9,13.42,9,87,CAA,24-10,24,10,0.7058823529411765,9.49,114.6,89,105.1,95,64.7,317,-0.052,308,-0.91,173,108.0,223,108.9,156,3.13,103,18,SEC,32,23-9,23,9,0.7188,129.5,3,102.8,67,0.9344,18,55.4,30,49.2,75,13.0,4,12.6,362,31.8,132,32.8,292,37.2,127,32.7,117,57.3,26,48.6,53,35.8,69,33.5,150,53.7,1,35.1,51,73.1,4,6.5,17,91,CAA,34,24-10,24,10,0.7059,113.2,98,105.0,95,0.7045,91,51.5,174,45.9,10,16.1,144,15.0,286,34.9,50,30.5,182,32.5,249,35.4,189,48.6,293,44.2,3,36.8,29,32.3,75,43.1,106,40.6,224,64.7,315,-4.7,96,11,SEC,4,4-0,4,0,1.0,134.2,8,103.3,91,0.9528,11,58.6,32,49.0,89,14.5,117,11.8,337,35.8,45,38.7,351,37.9,127,20.0,12,60.0,27,44.0,25,38.2,84,39.0,297,53.1,10,34.4,74,69.3,91,2.0,4,46,CAA,3,3-0,3,0,1.0,110.6,157,94.5,20,0.8582,46,58.4,34,37.9,1,14.4,112,14.9,217,22.2,321,31.9,252,35.0,161,20.0,12,58.8,42,38.9,3,38.7,76,24.4,13,46.9,64,43.2,267,65.3,270,0.17,64,18,SEC,32,23-9,23,9,0.2812,4.7,5.0,0.5,24.0,0.0184,-7.0,3.2,2.0,-0.2,14.0,1.5,113.0,-0.8,-25.0,4.0,-87.0,5.9,59.0,0.7,0.0,-12.7,-105.0,2.7,1.0,-4.6,-28.0,2.4,15.0,5.5,147.0,-0.6,9.0,-0.7,23.0,-3.8,87.0,-4.5,-13.0,91,CAA,34,24-10,24,10,0.2941,-2.6,59.0,-10.5,-75.0,0.1537,-45.0,6.9,-140.0,-8.0,-9.0,-1.7,-32.0,-0.1,-69.0,-12.7,271.0,1.4,70.0,2.5,-88.0,-15.4,-177.0,10.2,-251.0,-5.3,0.0,1.9,47.0,-7.9,-62.0,3.8,-42.0,2.6,43.0,0.6,-45.0,4.87,-32.0
Tennessee,6,,Miami OH,11,,,,16,SEC,22-11,22,11,0.6666666666666666,26.02,121.1,37,95.0,15,65.0,307,-0.06,321,14.77,11,119.0,5,104.3,50,0.75,160,93,MAC,31-1,31,1,0.96875,8.26,116.8,70,108.5,156,69.9,44,0.099,15,-5.37,269,107.2,262,112.6,305,-9.91,361,16,SEC,33,22-11,22,11,0.6667,121.5,32,95.5,13,0.9408,16,51.6,170,47.7,36,17.1,208,16.3,203,45.1,1,27.9,63,38.7,87,36.2,210,52.2,160,49.2,71,33.4,202,30.6,23,31.7,331,44.4,326,65.2,297,4.1,23,86,MAC,32,31-1,31,1,0.9688,116.7,68,107.6,149,0.7178,86,59.2,6,50.8,143,14.5,39,17.5,121,25.3,332,28.1,69,40.2,58,30.9,80,61.5,2,51.6,172,37.5,21,33.0,117,44.6,76,36.8,92,69.9,49,2.5,34,12,SEC,4,2-2,2,2,0.5,121.2,50,93.5,16,0.952,12,47.7,298,52.1,183,14.4,112,16.7,138,48.3,1,25.8,88,26.0,305,35.2,205,50.0,234,51.6,160,27.8,330,35.2,195,27.5,351,41.9,244,63.2,345,0.37,44,79,MAC,4,4-0,4,0,1.0,112.8,123,101.3,64,0.7743,79,54.1,107,49.2,98,10.9,12,16.5,144,19.1,348,25.3,72,45.0,39,31.0,143,57.0,65,44.7,35,33.3,199,38.8,291,41.6,133,33.5,56,70.4,48,0.6,30,16,SEC,33,22-11,22,11,-0.1667,-0.3,18.0,-2.0,3.0,0.0112,-4.0,-3.9,128.0,4.4,147.0,-2.7,-96.0,0.4,-65.0,3.2,0.0,-2.1,25.0,-12.7,218.0,-1.0,-5.0,-2.2,74.0,2.4,89.0,-5.6,128.0,4.6,172.0,-4.2,20.0,-2.5,-82.0,-2.0,48.0,-3.73,21.0,86,MAC,32,31-1,31,1,0.0312,-3.9,55.0,-6.3,-85.0,0.0565,-7.0,-5.1,101.0,-1.6,-45.0,-3.6,-27.0,-1.0,23.0,-6.2,16.0,-2.8,3.0,4.8,-19.0,0.1,63.0,-4.5,63.0,-6.9,-137.0,-4.2,178.0,5.8,174.0,-3.0,57.0,-3.3,-36.0,0.5,-1.0,-1.9,-4.0
Virginia,3,,Wright State,14,,,,13,ACC,29-5,29,5,0.8529411764705882,26.71,122.5,27,95.8,16,65.7,271,0.056,52,9.95,70,115.4,49,105.5,73,-3.27,273,140,Horz,23-11,23,11,0.6764705882352942,2.04,112.1,117,110.0,193,67.2,192,0.009,166,-4.03,249,109.4,148,113.4,340,0.85,157,14,ACC,34,29-5,29,5,0.8529,122.2,29,95.8,14,0.9427,14,54.6,52,45.3,5,16.0,134,15.6,246,37.9,10,29.2,119,33.0,237,33.0,128,55.2,55,44.7,6,35.9,63,30.9,32,46.5,37,37.5,114,65.6,278,7.8,8,130,Horz,34,23-11,23,11,0.6765,112.4,110,109.0,180,0.5869,130,54.4,59,52.1,218,16.3,154,16.5,183,33.2,86,29.2,119,38.0,104,33.5,139,54.5,72,52.9,232,36.1,49,33.6,161,33.7,301,34.2,35,67.0,207,-6.6,130,13,ACC,4,3-1,3,1,0.75,125.5,28,96.8,34,0.9518,13,55.6,72,47.2,64,16.0,189,15.6,193,30.3,154,30.4,213,25.6,311,26.4,63,55.8,91,42.8,14,36.9,113,36.2,230,50.4,28,38.2,167,67.5,170,1.0,15,223,Horz,4,3-1,3,1,0.75,109.6,171,115.5,267,0.3526,223,54.7,92,54.1,240,18.6,285,13.9,268,34.9,58,26.2,102,34.0,182,34.6,200,51.5,192,58.9,325,42.2,29,30.1,89,27.2,352,35.5,100,68.4,124,-0.6,123,14,ACC,34,29-5,29,5,-0.1029,3.3,-1.0,1.0,20.0,0.0091,-1.0,1.0,20.0,1.9,59.0,0.0,55.0,0.0,-53.0,-7.6,144.0,1.2,94.0,-7.4,74.0,-6.6,-65.0,0.6,36.0,-1.9,8.0,1.0,50.0,5.3,198.0,3.9,-9.0,0.7,53.0,1.9,-108.0,-6.8,7.0,130,Horz,34,23-11,23,11,0.0735,-2.8,61.0,6.5,87.0,-0.2343,93.0,0.3,33.0,2.0,22.0,2.3,131.0,-2.6,85.0,1.7,-28.0,-3.0,-17.0,-4.0,78.0,1.1,61.0,-3.0,120.0,6.0,93.0,6.1,-20.0,-3.5,-72.0,-6.5,51.0,1.3,65.0,1.4,-83.0,6.0,-7.0
Kentucky,7,,Santa Clara,10,,,,28,SEC,21-13,21,13,0.6176470588235294,21.48,120.5,39,99.0,27,68.3,124,-0.019,235,15.92,6,119.0,6,103.1,19,1.33,142,35,WCC,26-8,26,8,0.7647058823529411,19.4,123.6,23,104.2,82,69.2,82,0.015,142,6.02,85,111.8,93,105.8,80,3.91,89,31,SEC,34,21-13,21,13,0.6176,119.9,41,100.0,31,0.8899,31,53.1,98,48.8,57,15.0,58,15.8,231,33.8,73,30.1,163,37.5,117,37.0,233,54.4,79,49.6,86,34.1,167,31.6,50,39.2,185,39.5,183,68.3,127,3.3,30,28,WCC,34,26-8,26,8,0.7647,125.0,15,103.7,78,0.8954,28,54.6,52,51.8,201,15.6,108,20.1,21,36.7,19,32.3,270,25.8,358,38.3,265,56.5,39,53.2,244,34.9,126,33.0,117,45.0,66,38.2,139,69.3,81,2.1,36,24,SEC,4,2-2,2,2,0.5,120.9,53,96.6,31,0.9301,24,53.1,141,50.0,118,19.1,296,14.8,224,41.2,7,27.7,133,33.2,195,29.1,106,52.5,175,51.8,166,36.0,139,31.8,121,41.5,134,43.9,282,68.2,135,0.02,78,40,WCC,3,2-1,2,1,0.6667,125.4,29,106.6,135,0.8668,40,53.6,128,54.8,257,13.9,95,19.7,45,34.6,65,34.4,302,26.0,305,40.6,283,51.4,195,55.6,260,37.4,102,36.0,223,46.4,71,45.5,306,71.6,29,0.14,66,31,SEC,34,21-13,21,13,-0.1176,1.0,12.0,-3.4,0.0,0.0402,-7.0,0.0,43.0,1.2,61.0,4.1,238.0,-1.0,-7.0,7.4,-66.0,-2.4,-30.0,-4.3,78.0,-7.9,-127.0,-1.9,96.0,2.2,80.0,1.9,-28.0,0.2,71.0,2.3,-51.0,4.4,99.0,-0.1,8.0,-3.28,48.0,28,WCC,34,26-8,26,8,-0.098,0.4,14.0,2.9,57.0,-0.0286,12.0,-1.0,76.0,3.0,56.0,-1.7,-13.0,-0.4,24.0,-2.1,46.0,2.1,32.0,0.2,-53.0,2.3,18.0,-5.1,156.0,2.4,16.0,2.5,-24.0,3.0,106.0,1.4,5.0,7.3,167.0,2.3,-52.0,-1.96,30.0
Iowa State,2,,Tennessee St.,15,,,,6,B12,27-7,27,7,0.7941176470588235,32.42,123.8,21,91.4,4,66.5,225,-0.012,219,12.44,31,115.6,48,103.1,20,-3.57,280,187,OVC,23-9,23,9,0.71875,-1.83,109.1,173,110.9,212,70.2,36,0.07,31,-8.26,326,103.2,343,111.5,252,5.4,61,7,B12,34,27-7,27,7,0.7941,123.8,23,92.6,6,0.9655,7,56.5,17,49.5,83,15.1,67,22.4,4,35.3,44,28.1,69,34.0,210,27.9,33,55.5,48,50.5,117,38.7,11,32.1,67,38.8,194,42.8,290,67.0,208,7.4,12,218,OVC,32,23-9,23,9,0.7188,107.8,187,111.9,239,0.3936,218,50.1,230,51.2,168,16.5,161,20.0,24,34.9,50,29.9,151,33.5,223,41.6,317,49.9,256,51.8,185,33.7,188,33.5,150,30.7,344,36.0,78,70.1,38,-5.7,114,56,B12,4,1-3,1,3,0.25,112.2,128,97.6,38,0.8329,56,45.6,333,58.3,324,13.9,95,22.2,15,28.1,211,30.1,197,32.5,206,35.6,210,46.3,323,60.9,343,29.7,292,36.7,244,42.6,122,43.9,282,65.6,260,-0.34,93,59,OVC,4,4-0,4,0,1.0,110.9,151,96.7,33,0.8285,59,50.6,219,46.5,56,17.3,251,23.0,10,37.3,27,21.2,22,40.7,81,35.4,207,51.2,205,45.9,51,32.8,216,31.6,115,27.1,353,37.3,143,70.3,51,0.33,46,7,B12,34,27-7,27,7,-0.5441,-11.6,105.0,5.0,32.0,-0.1326,49.0,-10.9,316.0,8.8,241.0,-1.2,28.0,-0.2,11.0,-7.2,167.0,2.0,128.0,-1.5,-4.0,7.7,177.0,-9.2,275.0,10.4,226.0,-9.0,281.0,4.6,177.0,3.8,-72.0,1.1,-8.0,-1.4,52.0,-7.74,81.0,218,OVC,32,23-9,23,9,0.2812,3.1,-36.0,-15.2,-206.0,0.4349,-159.0,0.5,-11.0,-4.7,-112.0,0.8,90.0,3.0,-14.0,2.4,-23.0,-8.7,-129.0,7.2,-142.0,-6.2,-110.0,1.3,-51.0,-5.9,-134.0,-0.9,28.0,-1.9,-35.0,-3.6,9.0,1.3,65.0,0.2,13.0,6.03,-68.0
Arizona,1,,Long Island,16,,,,2,B12,32-2,32,2,0.9411764705882352,37.66,127.7,5,90.0,3,69.8,54,0.023,127,14.97,9,117.6,15,102.7,7,3.25,102,216,NEC,24-10,24,10,0.7058823529411765,-3.95,105.6,239,109.6,186,67.8,154,0.104,12,-9.97,350,103.6,334,113.5,343,2.14,119,3,B12,34,32-2,32,2,0.9412,126.9,9,91.4,3,0.9776,3,55.1,38,45.0,3,15.1,67,16.7,172,38.1,8,26.9,31,42.9,22,27.7,29,55.4,51,43.8,2,36.0,56,31.4,44,26.8,362,37.2,109,70.0,43,13.7,3,234,NEC,34,24-10,24,10,0.7059,103.6,269,109.8,197,0.341,234,53.3,87,49.8,91,19.0,319,18.9,54,34.3,64,32.6,287,34.7,191,34.1,153,52.9,133,50.8,128,36.1,49,31.9,60,29.0,355,33.2,21,67.8,154,-5.8,116,3,B12,5,5-0,5,0,1.0,129.3,14,89.9,3,0.9849,3,51.6,191,43.6,18,14.2,103,13.8,274,36.4,39,28.1,148,44.4,45,27.4,76,51.0,207,43.5,18,35.2,159,29.1,71,31.0,312,38.6,174,66.8,203,3.1,1,267,NEC,4,3-1,3,1,0.75,107.4,205,116.6,283,0.2805,267,60.7,17,53.4,220,18.6,285,21.5,23,28.3,204,35.1,317,40.2,87,26.1,55,60.7,22,51.6,160,40.6,46,38.0,274,29.9,330,33.8,58,70.1,63,-0.8,166,3,B12,34,32-2,32,2,0.0588,2.4,5.0,-1.5,0.0,0.0073,0.0,-3.5,153.0,-1.4,15.0,-0.9,36.0,-2.9,102.0,-1.7,31.0,1.2,117.0,1.5,23.0,-0.3,47.0,-4.4,156.0,-0.3,16.0,-0.8,103.0,-2.3,27.0,4.2,-50.0,1.4,65.0,-3.2,160.0,-10.6,-2.0,234,NEC,34,24-10,24,10,0.0441,3.8,-64.0,6.8,86.0,-0.0605,33.0,7.4,-70.0,3.6,129.0,-0.4,-34.0,2.6,-31.0,-6.0,140.0,2.5,30.0,5.5,-104.0,-8.0,-98.0,7.8,-111.0,0.8,32.0,4.5,-3.0,6.1,214.0,0.9,-25.0,0.6,37.0,2.3,-91.0,5.0,50.0
Villanova,8,,Utah State,9,,,,33,BE,24-8,24,8,0.75,19.97,120.4,41,100.4,35,65.2,296,0.067,35,10.37,67,114.7,65,104.3,54,2.9,108,30,MWC,28-6,28,6,0.8235294117647058,20.76,122.1,28,101.4,45,67.7,158,0.065,39,7.13,80,112.8,83,105.7,76,1.97,125,36,BE,32,24-8,24,8,0.75,119.6,45,100.5,38,0.8806,36,53.7,75,51.3,177,15.1,67,18.7,59,32.4,109,31.7,236,31.3,274,28.9,43,54.4,79,51.5,163,35.3,93,33.9,174,45.7,50,36.9,99,64.9,306,3.9,27,29,MWC,34,28-6,28,6,0.8235,123.0,27,102.1,55,0.8953,29,56.6,14,49.6,85,15.4,91,20.6,16,33.1,89,32.2,265,38.7,87,38.9,280,59.3,11,48.7,57,35.1,107,33.9,174,40.7,153,40.9,235,67.6,173,4.0,26,102,BE,4,2-2,2,2,0.5,111.6,135,103.7,96,0.7009,102,50.0,238,56.7,305,14.4,112,18.3,86,23.7,305,33.0,278,26.3,300,33.2,177,52.9,162,56.2,274,31.0,268,38.6,287,45.0,88,30.2,28,67.8,158,0.13,69,42,MWC,4,2-2,2,2,0.5,125.3,30,106.8,140,0.8626,42,54.9,86,54.4,248,13.4,71,20.3,36,26.5,257,36.6,336,33.2,195,38.3,249,50.4,228,51.9,170,40.0,53,38.8,291,46.5,69,39.7,214,65.7,255,-0.28,88,36,BE,32,24-8,24,8,-0.25,-8.0,90.0,3.2,58.0,-0.1797,66.0,-3.7,163.0,5.4,128.0,-0.7,45.0,-0.4,27.0,-8.7,196.0,1.3,42.0,-5.0,26.0,4.3,134.0,-1.5,83.0,4.7,111.0,-4.3,175.0,4.7,113.0,-0.7,38.0,-6.7,-71.0,2.9,-148.0,-3.77,42.0,29,MWC,34,28-6,28,6,-0.3235,2.3,3.0,4.7,85.0,-0.0327,13.0,-1.7,72.0,4.8,163.0,-2.0,-20.0,-0.3,20.0,-6.6,168.0,4.4,71.0,-5.5,108.0,-0.6,-31.0,-8.9,217.0,3.2,113.0,4.9,-54.0,4.9,117.0,5.8,-84.0,-1.2,-21.0,-1.9,82.0,-4.28,62.0
Wisconsin,5,,High Point,12,,,,22,B10,24-10,24,10,0.7058823529411765,23.39,125.3,11,102.0,51,68.7,104,0.041,82,13.93,18,117.2,20,103.3,22,-1.1,219,92,BSth,30-4,30,4,0.8823529411764706,8.4,117.0,66,108.6,161,69.9,49,0.048,64,-9.23,342,103.7,330,112.9,319,-8.88,355,21,B10,34,24-10,24,10,0.7059,127.2,8,101.6,48,0.9294,21,54.5,57,51.3,177,12.8,3,14.4,324,29.4,224,28.2,74,31.9,260,30.5,71,54.8,63,52.3,208,36.1,49,33.3,137,52.6,5,40.2,209,68.7,106,5.4,19,93,BSth,34,30-4,30,4,0.8824,115.7,73,107.5,148,0.6988,93,54.7,48,50.1,105,13.0,4,21.9,5,32.1,120,31.7,236,42.9,22,36.4,222,57.1,31,51.6,172,34.4,154,31.9,60,42.9,114,41.4,250,69.9,52,-1.4,64,37,B10,4,2-2,2,2,0.5,124.6,32,105.2,116,0.8748,37,53.8,116,56.4,296,13.9,95,14.7,231,30.1,162,27.2,123,22.7,338,30.5,136,53.4,146,57.0,291,36.1,135,36.9,251,53.0,11,36.1,114,70.2,56,0.21,59,73,BSth,3,3-0,3,0,1.0,114.6,100,102.4,79,0.785,73,52.5,161,43.7,20,14.0,99,17.9,95,32.7,100,38.1,348,39.2,100,35.2,205,55.8,91,44.6,30,32.6,219,27.9,54,47.5,57,33.5,56,70.2,56,0.22,56,21,B10,34,24-10,24,10,-0.2059,-2.6,24.0,3.6,68.0,-0.0546,16.0,-0.7,59.0,5.1,119.0,1.1,92.0,0.3,-93.0,0.7,-62.0,-1.0,49.0,-9.2,78.0,0.0,65.0,-1.4,83.0,4.7,83.0,0.0,86.0,3.6,114.0,0.4,6.0,-4.1,-95.0,1.5,-50.0,-5.19,40.0,93,BSth,34,30-4,30,4,0.1176,-1.1,27.0,-5.1,-69.0,0.0862,-20.0,-2.2,113.0,-6.4,-85.0,1.0,95.0,-4.0,90.0,0.6,-20.0,6.4,112.0,-3.7,78.0,-1.2,-17.0,-1.3,60.0,-7.0,-142.0,-1.8,65.0,-4.0,-6.0,4.6,-57.0,-7.9,-194.0,0.3,4.0,1.62,-8.0
Arkansas,4,,Hawaii,13,,,,15,SEC,26-8,26,8,0.7647058823529411,26.05,127.7,6,101.6,48,71.0,20,0.051,61,14.95,10,118.9,7,103.9,38,4.41,81,108,BW,24-8,24,8,0.75,5.97,107.1,211,101.2,43,69.7,61,0.038,92,-3.37,228,106.6,277,109.9,191,-11.24,364,19,SEC,34,26-8,26,8,0.7647,127.9,5,101.7,49,0.9336,19,56.5,17,51.4,181,12.3,1,15.7,238,32.2,117,31.2,209,36.4,142,31.3,87,55.6,47,53.7,260,38.9,8,31.7,53,33.4,310,38.2,139,71.0,23,7.5,9,116,BW,32,24-8,24,8,0.75,106.9,206,101.8,52,0.6358,116,52.0,144,46.4,15,18.9,314,16.9,161,31.4,144,25.0,9,42.4,29,36.1,209,55.0,58,46.6,20,31.6,299,30.7,26,39.7,175,32.4,14,69.6,66,-3.7,85,31,SEC,4,2-2,2,2,0.5,135.1,6,110.3,186,0.9111,31,53.0,148,61.9,360,9.6,3,15.9,170,33.1,92,33.6,286,35.1,158,44.3,318,50.9,211,67.3,365,39.2,70,35.1,190,25.7,358,37.2,140,71.1,37,0.5,32,189,BW,4,3-1,3,1,0.75,105.5,237,106.9,141,0.4625,189,51.7,188,51.9,174,17.5,257,16.5,144,26.4,261,22.5,33,45.3,36,44.2,316,55.4,103,52.7,192,31.4,257,34.0,165,44.0,99,43.3,268,69.6,77,-0.41,102,19,SEC,34,26-8,26,8,-0.2647,7.2,1.0,8.6,137.0,-0.0225,12.0,-3.5,131.0,10.5,179.0,-2.7,2.0,0.2,-68.0,0.9,-25.0,2.4,77.0,-1.3,16.0,13.0,231.0,-4.7,164.0,13.6,105.0,0.3,62.0,3.4,137.0,-7.7,48.0,-1.0,1.0,0.1,14.0,-7.0,23.0,116,BW,32,24-8,24,8,0.0,-1.4,31.0,5.1,89.0,-0.1733,73.0,-0.3,44.0,5.5,159.0,-1.4,-57.0,-0.4,-17.0,-5.0,117.0,-2.5,24.0,2.9,7.0,8.1,107.0,0.4,45.0,6.1,172.0,-0.2,-42.0,3.3,139.0,4.3,-76.0,10.9,254.0,0.0,11.0,3.29,17.0
BYU,6,,North Carolina State,11,,,,23,B12,23-11,23,11,0.6764705882352942,23.25,125.5,10,102.2,57,69.9,46,-0.017,232,14.27,16,116.3,33,102.0,3,4.88,74,34,ACC,20-13,20,13,0.6060606060606061,19.6,124.1,20,104.5,86,69.1,86,-0.029,261,11.97,37,116.0,37,104.0,43,4.1,85,33,B12,34,23-11,23,11,0.6765,124.7,16,104.3,88,0.8865,33,54.7,48,51.2,168,15.3,82,16.5,183,34.6,57,29.3,126,34.2,204,28.9,43,56.2,42,50.0,101,34.9,126,35.3,262,39.8,171,39.2,174,69.8,58,4.5,22,38,ACC,33,20-13,20,13,0.6061,124.1,20,104.6,89,0.8765,38,55.3,33,53.0,265,13.1,8,18.2,88,28.5,251,30.3,173,35.2,172,36.5,226,53.1,127,52.7,223,38.8,9,35.6,284,43.9,89,45.3,335,69.1,87,0.34,44,69,B12,4,1-3,1,3,0.25,121.8,49,108.3,155,0.7947,69,51.3,200,55.1,266,15.0,135,15.3,205,28.7,196,32.1,257,31.5,223,27.5,77,53.8,142,50.7,130,31.6,249,41.5,333,39.9,162,38.5,172,68.6,113,-0.6,124,62,ACC,4,1-3,1,3,0.25,124.3,35,109.0,168,0.819,62,46.4,324,56.6,302,9.6,3,15.9,170,32.7,100,37.6,342,26.5,298,40.0,274,47.3,299,59.3,329,30.2,283,35.7,214,43.9,101,47.7,327,66.8,203,-0.47,113,33,B12,34,23-11,23,11,-0.4265,-2.9,33.0,4.0,67.0,-0.0918,36.0,-3.4,152.0,3.9,98.0,-0.3,53.0,-1.2,22.0,-5.9,139.0,2.8,131.0,-2.7,19.0,-1.4,34.0,-2.4,100.0,0.7,29.0,-3.3,123.0,6.2,71.0,0.1,-9.0,-0.7,-2.0,-1.2,55.0,-5.1,102.0,38,ACC,33,20-13,20,13,-0.3561,0.2,15.0,4.4,79.0,-0.0575,24.0,-8.9,291.0,3.6,37.0,-3.5,-5.0,-2.3,82.0,4.2,-151.0,7.3,169.0,-8.7,126.0,3.5,48.0,-5.8,172.0,6.6,106.0,-8.6,274.0,0.1,-70.0,0.0,12.0,2.4,-8.0,-2.3,116.0,-0.81,69.0
Gonzaga,3,,Kennesaw State,14,,,,10,WCC,30-3,30,3,0.9090909090909092,28.1,122.0,29,93.9,9,68.6,111,0.072,28,5.89,87,113.0,82,107.1,98,8.31,26,163,CUSA,21-13,21,13,0.6176470588235294,0.57,110.6,143,110.1,194,71.2,19,0.009,167,-2.23,211,108.0,225,110.2,202,-5.17,304,11,WCC,33,30-3,30,3,0.9091,120.3,37,94.0,9,0.9444,11,56.3,22,46.2,12,13.7,16,20.5,17,34.8,53,25.9,19,31.1,281,31.0,83,58.7,16,46.2,16,34.0,171,30.8,31,31.0,339,43.7,313,68.9,98,7.4,13,145,CUSA,34,21-13,21,13,0.6176,110.8,133,109.5,192,0.5339,145,50.7,203,48.5,50,16.7,175,16.1,218,35.5,38,31.3,212,45.1,7,47.5,358,50.8,218,47.0,28,33.7,188,33.9,174,42.9,114,38.3,145,71.3,19,-8.0,155,25,WCC,4,3-1,3,1,0.75,116.1,82,92.8,13,0.9291,25,53.8,116,44.5,29,12.3,34,21.6,21,27.5,232,32.2,261,25.3,313,27.7,82,56.8,72,40.8,7,32.6,219,33.3,151,37.6,213,40.9,230,66.3,226,0.28,50,104,CUSA,4,4-0,4,0,1.0,113.2,116,105.4,120,0.6947,104,57.1,49,50.0,118,16.9,237,18.7,75,31.5,128,25.4,79,43.4,56,52.5,356,50.8,213,47.4,73,43.3,17,35.6,210,44.3,95,44.1,286,71.7,24,0.42,41,11,WCC,33,30-3,30,3,-0.1591,-4.2,45.0,-1.2,4.0,-0.0153,14.0,-2.5,94.0,-1.7,17.0,-1.4,18.0,1.1,4.0,-7.3,179.0,6.3,242.0,-5.8,32.0,-3.3,-1.0,-1.9,56.0,-5.4,-9.0,-1.4,48.0,2.5,120.0,6.6,-126.0,-2.8,-83.0,-2.6,128.0,-7.12,37.0,145,CUSA,34,21-13,21,13,0.3824,2.4,-17.0,-4.1,-72.0,0.1608,-41.0,6.4,-154.0,1.5,68.0,0.2,62.0,2.6,-143.0,-4.0,90.0,-5.9,-133.0,-1.7,49.0,5.0,-2.0,0.0,-5.0,0.4,45.0,9.6,-171.0,1.7,36.0,1.4,-19.0,5.8,141.0,0.4,5.0,8.42,-114.0
Miami (FL),7,,Missouri,10,,,,31,ACC,25-8,25,8,0.7575757575757576,20.68,121.4,33,100.7,38,67.6,169,0.021,129,7.99,77,113.7,76,105.7,75,-7.33,340,52,SEC,20-12,20,12,0.625,15.39,119.5,50,104.1,78,66.2,244,0.041,83,11.51,44,116.5,29,105.0,68,-7.78,344,35,ACC,33,25-8,25,8,0.7576,121.1,34,101.5,45,0.8841,35,55.6,29,51.7,194,16.2,150,18.4,77,37.0,16,26.3,21,37.5,117,29.0,46,57.2,29,50.8,128,34.7,137,35.4,267,31.7,331,40.9,235,67.9,145,3.8,28,46,SEC,32,20-12,20,12,0.625,119.9,40,103.0,68,0.8515,46,55.3,33,51.4,181,18.0,268,16.6,177,35.5,38,31.4,219,42.5,27,35.1,176,56.9,34,48.9,62,35.0,113,36.5,325,36.0,248,43.1,297,66.4,235,1.2,42,27,ACC,4,3-1,3,1,0.75,126.0,26,101.2,63,0.9256,27,54.6,95,56.0,288,18.2,276,19.0,61,40.9,10,23.9,45,28.0,279,22.8,26,53.0,158,58.7,320,38.7,76,35.1,190,31.4,304,43.7,281,65.9,244,0.7,22,8,SEC,4,3-1,3,1,0.75,132.6,9,98.8,46,0.967,8,56.1,64,52.9,208,16.1,193,18.0,92,32.5,108,37.6,342,45.5,33,28.9,99,56.3,80,53.2,201,37.2,107,34.9,182,35.1,251,35.5,100,66.8,203,1.4,8,35,ACC,33,25-8,25,8,-0.0076,4.9,-8.0,-0.3,18.0,0.0415,-8.0,-1.0,66.0,4.3,94.0,2.0,126.0,0.6,-16.0,3.9,-6.0,-2.4,24.0,-9.5,162.0,-6.2,-20.0,-4.2,129.0,7.9,192.0,4.0,-61.0,-0.3,-77.0,-0.3,-27.0,2.8,46.0,-2.0,99.0,-3.1,-6.0,46,SEC,32,20-12,20,12,0.125,12.7,-31.0,-4.2,-22.0,0.1155,-38.0,0.8,31.0,1.5,27.0,-1.9,-75.0,1.4,-85.0,-3.0,70.0,6.2,123.0,3.0,6.0,-6.2,-77.0,-0.6,46.0,4.3,139.0,2.2,-6.0,-1.6,-143.0,-0.9,3.0,-7.6,-197.0,0.4,-32.0,0.2,-34.0
Purdue,2,,Queens,15,,,,8,B10,27-8,27,8,0.7714285714285715,31.2,131.6,1,100.4,36,64.4,324,-0.006,198,15.88,7,118.3,9,102.5,4,6.31,50,181,ASun,21-13,21,13,0.6176470588235294,-1.44,115.8,77,117.2,322,69.6,65,0.067,37,-5.66,276,108.3,200,114.0,353,5.71,58,8,B10,35,27-8,27,8,0.7714,133.3,1,100.3,36,0.9636,8,57.6,11,52.3,228,13.5,15,15.6,246,36.3,23,26.4,24,28.6,336,26.0,13,58.1,20,53.1,240,37.9,19,34.2,195,40.9,146,45.0,333,64.4,325,9.2,4,198,ASun,34,21-13,21,13,0.6176,114.6,85,117.1,316,0.4395,198,56.6,14,54.0,299,14.8,54,15.0,286,30.4,182,33.0,301,36.3,146,38.7,274,59.0,13,54.1,279,35.9,63,35.8,294,46.8,34,39.5,183,69.5,70,-7.0,136,22,B10,4,1-3,1,3,0.25,137.2,5,108.7,163,0.936,22,56.9,50,60.7,355,10.9,12,14.8,224,30.9,142,27.5,130,26.7,294,42.0,305,52.8,168,60.5,341,41.8,34,40.7,322,40.8,148,42.0,245,64.2,316,-0.41,101,230,ASun,4,3-1,3,1,0.75,115.7,91,122.5,334,0.3414,230,57.8,41,53.1,210,11.7,25,14.6,236,23.4,309,32.6,267,54.8,7,38.3,249,63.1,11,55.8,264,34.0,187,32.2,131,44.3,95,35.8,107,70.4,48,-0.6,125,8,B10,35,27-8,27,8,-0.5214,3.9,4.0,8.4,127.0,-0.0276,14.0,-0.7,39.0,8.4,127.0,-2.6,-3.0,-0.8,-22.0,-5.4,119.0,1.1,106.0,-1.9,-42.0,16.0,292.0,-5.3,148.0,7.4,101.0,3.9,15.0,6.5,127.0,-0.1,2.0,-3.0,-88.0,-0.2,-9.0,-9.61,97.0,198,ASun,34,21-13,21,13,0.1324,1.1,6.0,5.4,18.0,-0.0981,32.0,1.2,27.0,-0.9,-89.0,-3.1,-29.0,-0.4,-50.0,-7.0,127.0,-0.4,-34.0,18.5,-139.0,-0.4,-25.0,4.1,-2.0,1.7,-15.0,-1.9,124.0,-3.6,-163.0,-2.5,61.0,-3.7,-76.0,0.9,-22.0,6.4,-11.0
